Date,Day Number,Day,Short Month,Calendar Month Number,Calendar Month Label,Calendar Year,Calendar Year Label,Fiscal Month Number,Fiscal Month Label,Fiscal Year,Fiscal Year Label,ISO Week Number
1-Jan-16,1,1,Jan,1,CY2016-Jan,2016,CY2016,3,FY2016-Jan,2016,FY2016,53
2-Jan-16,2,2,Jan,1,CY2016-Jan,2016,CY2016,3,FY2016-Jan,2016,FY2016,53
3-Jan-16,3,3,Jan,1,CY2016-Jan,2016,CY2016,3,FY2016-Jan,2016,FY2016,53
4-Jan-16,4,4,Jan,1,CY2016-Jan,2016,CY2016,3,FY2016-Jan,2016,FY2016,1
5-Jan-16,5,5,Jan,1,CY2016-Jan,2016,CY2016,3,FY2016-Jan,2016,FY2016,1
6-Jan-16,6,6,Jan,1,CY2016-Jan,2016,CY2016,3,FY2016-Jan,2016,FY2016,1
7-Jan-16,7,7,Jan,1,CY2016-Jan,2016,CY2016,3,FY2016-Jan,2016,FY2016,1
8-Jan-16,8,8,Jan,1,CY2016-Jan,2016,CY2016,3,FY2016-Jan,2016,FY2016,1
9-Jan-16,9,9,Jan,1,CY2016-Jan,2016,CY2016,3,FY2016-Jan,2016,FY2016,1
10-Jan-16,10,10,Jan,1,CY2016-Jan,2016,CY2016,3,FY2016-Jan,2016,FY2016,1
11-Jan-16,11,11,Jan,1,CY2016-Jan,2016,CY2016,3,FY2016-Jan,2016,FY2016,2
12-Jan-16,12,12,Jan,1,CY2016-Jan,2016,CY2016,3,FY2016-Jan,2016,FY2016,2
13-Jan-16,13,13,Jan,1,CY2016-Jan,2016,CY2016,3,FY2016-Jan,2016,FY2016,2
14-Jan-16,14,14,Jan,1,CY2016-Jan,2016,CY2016,3,FY2016-Jan,2016,FY2016,2
15-Jan-16,15,15,Jan,1,CY2016-Jan,2016,CY2016,3,FY2016-Jan,2016,FY2016,2
16-Jan-16,16,16,Jan,1,CY2016-Jan,2016,CY2016,3,FY2016-Jan,2016,FY2016,2
17-Jan-16,17,17,Jan,1,CY2016-Jan,2016,CY2016,3,FY2016-Jan,2016,FY2016,2
18-Jan-16,18,18,Jan,1,CY2016-Jan,2016,CY2016,3,FY2016-Jan,2016,FY2016,3
19-Jan-16,19,19,Jan,1,CY2016-Jan,2016,CY2016,3,FY2016-Jan,2016,FY2016,3
20-Jan-16,20,20,Jan,1,CY2016-Jan,2016,CY2016,3,FY2016-Jan,2016,FY2016,3
21-Jan-16,21,21,Jan,1,CY2016-Jan,2016,CY2016,3,FY2016-Jan,2016,FY2016,3
22-Jan-16,22,22,Jan,1,CY2016-Jan,2016,CY2016,3,FY2016-Jan,2016,FY2016,3
23-Jan-16,23,23,Jan,1,CY2016-Jan,2016,CY2016,3,FY2016-Jan,2016,FY2016,3
24-Jan-16,24,24,Jan,1,CY2016-Jan,2016,CY2016,3,FY2016-Jan,2016,FY2016,3
25-Jan-16,25,25,Jan,1,CY2016-Jan,2016,CY2016,3,FY2016-Jan,2016,FY2016,4
26-Jan-16,26,26,Jan,1,CY2016-Jan,2016,CY2016,3,FY2016-Jan,2016,FY2016,4
27-Jan-16,27,27,Jan,1,CY2016-Jan,2016,CY2016,3,FY2016-Jan,2016,FY2016,4
28-Jan-16,28,28,Jan,1,CY2016-Jan,2016,CY2016,3,FY2016-Jan,2016,FY2016,4
29-Jan-16,29,29,Jan,1,CY2016-Jan,2016,CY2016,3,FY2016-Jan,2016,FY2016,4
30-Jan-16,30,30,Jan,1,CY2016-Jan,2016,CY2016,3,FY2016-Jan,2016,FY2016,4
31-Jan-16,31,31,Jan,1,CY2016-Jan,2016,CY2016,3,FY2016-Jan,2016,FY2016,4
1-Feb-16,1,1,Feb,2,CY2016-Feb,2016,CY2016,4,FY2016-Feb,2016,FY2016,5
2-Feb-16,2,2,Feb,2,CY2016-Feb,2016,CY2016,4,FY2016-Feb,2016,FY2016,5
3-Feb-16,3,3,Feb,2,CY2016-Feb,2016,CY2016,4,FY2016-Feb,2016,FY2016,5
4-Feb-16,4,4,Feb,2,CY2016-Feb,2016,CY2016,4,FY2016-Feb,2016,FY2016,5
5-Feb-16,5,5,Feb,2,CY2016-Feb,2016,CY2016,4,FY2016-Feb,2016,FY2016,5
6-Feb-16,6,6,Feb,2,CY2016-Feb,2016,CY2016,4,FY2016-Feb,2016,FY2016,5
7-Feb-16,7,7,Feb,2,CY2016-Feb,2016,CY2016,4,FY2016-Feb,2016,FY2016,5
8-Feb-16,8,8,Feb,2,CY2016-Feb,2016,CY2016,4,FY2016-Feb,2016,FY2016,6
9-Feb-16,9,9,Feb,2,CY2016-Feb,2016,CY2016,4,FY2016-Feb,2016,FY2016,6
10-Feb-16,10,10,Feb,2,CY2016-Feb,2016,CY2016,4,FY2016-Feb,2016,FY2016,6
11-Feb-16,11,11,Feb,2,CY2016-Feb,2016,CY2016,4,FY2016-Feb,2016,FY2016,6
12-Feb-16,12,12,Feb,2,CY2016-Feb,2016,CY2016,4,FY2016-Feb,2016,FY2016,6
13-Feb-16,13,13,Feb,2,CY2016-Feb,2016,CY2016,4,FY2016-Feb,2016,FY2016,6
14-Feb-16,14,14,Feb,2,CY2016-Feb,2016,CY2016,4,FY2016-Feb,2016,FY2016,6
15-Feb-16,15,15,Feb,2,CY2016-Feb,2016,CY2016,4,FY2016-Feb,2016,FY2016,7
16-Feb-16,16,16,Feb,2,CY2016-Feb,2016,CY2016,4,FY2016-Feb,2016,FY2016,7
17-Feb-16,17,17,Feb,2,CY2016-Feb,2016,CY2016,4,FY2016-Feb,2016,FY2016,7
18-Feb-16,18,18,Feb,2,CY2016-Feb,2016,CY2016,4,FY2016-Feb,2016,FY2016,7
19-Feb-16,19,19,Feb,2,CY2016-Feb,2016,CY2016,4,FY2016-Feb,2016,FY2016,7
20-Feb-16,20,20,Feb,2,CY2016-Feb,2016,CY2016,4,FY2016-Feb,2016,FY2016,7
21-Feb-16,21,21,Feb,2,CY2016-Feb,2016,CY2016,4,FY2016-Feb,2016,FY2016,7
22-Feb-16,22,22,Feb,2,CY2016-Feb,2016,CY2016,4,FY2016-Feb,2016,FY2016,8
23-Feb-16,23,23,Feb,2,CY2016-Feb,2016,CY2016,4,FY2016-Feb,2016,FY2016,8
24-Feb-16,24,24,Feb,2,CY2016-Feb,2016,CY2016,4,FY2016-Feb,2016,FY2016,8
25-Feb-16,25,25,Feb,2,CY2016-Feb,2016,CY2016,4,FY2016-Feb,2016,FY2016,8
26-Feb-16,26,26,Feb,2,CY2016-Feb,2016,CY2016,4,FY2016-Feb,2016,FY2016,8
27-Feb-16,27,27,Feb,2,CY2016-Feb,2016,CY2016,4,FY2016-Feb,2016,FY2016,8
28-Feb-16,28,28,Feb,2,CY2016-Feb,2016,CY2016,4,FY2016-Feb,2016,FY2016,8
29-Feb-16,29,29,Feb,2,CY2016-Feb,2016,CY2016,4,FY2016-Feb,2016,FY2016,9
1-Mar-16,1,1,Mar,3,CY2016-Mar,2016,CY2016,5,FY2016-Mar,2016,FY2016,9
2-Mar-16,2,2,Mar,3,CY2016-Mar,2016,CY2016,5,FY2016-Mar,2016,FY2016,9
3-Mar-16,3,3,Mar,3,CY2016-Mar,2016,CY2016,5,FY2016-Mar,2016,FY2016,9
4-Mar-16,4,4,Mar,3,CY2016-Mar,2016,CY2016,5,FY2016-Mar,2016,FY2016,9
5-Mar-16,5,5,Mar,3,CY2016-Mar,2016,CY2016,5,FY2016-Mar,2016,FY2016,9
6-Mar-16,6,6,Mar,3,CY2016-Mar,2016,CY2016,5,FY2016-Mar,2016,FY2016,9
7-Mar-16,7,7,Mar,3,CY2016-Mar,2016,CY2016,5,FY2016-Mar,2016,FY2016,10
8-Mar-16,8,8,Mar,3,CY2016-Mar,2016,CY2016,5,FY2016-Mar,2016,FY2016,10
9-Mar-16,9,9,Mar,3,CY2016-Mar,2016,CY2016,5,FY2016-Mar,2016,FY2016,10
10-Mar-16,10,10,Mar,3,CY2016-Mar,2016,CY2016,5,FY2016-Mar,2016,FY2016,10
11-Mar-16,11,11,Mar,3,CY2016-Mar,2016,CY2016,5,FY2016-Mar,2016,FY2016,10
12-Mar-16,12,12,Mar,3,CY2016-Mar,2016,CY2016,5,FY2016-Mar,2016,FY2016,10
13-Mar-16,13,13,Mar,3,CY2016-Mar,2016,CY2016,5,FY2016-Mar,2016,FY2016,10
14-Mar-16,14,14,Mar,3,CY2016-Mar,2016,CY2016,5,FY2016-Mar,2016,FY2016,11
15-Mar-16,15,15,Mar,3,CY2016-Mar,2016,CY2016,5,FY2016-Mar,2016,FY2016,11
16-Mar-16,16,16,Mar,3,CY2016-Mar,2016,CY2016,5,FY2016-Mar,2016,FY2016,11
17-Mar-16,17,17,Mar,3,CY2016-Mar,2016,CY2016,5,FY2016-Mar,2016,FY2016,11
18-Mar-16,18,18,Mar,3,CY2016-Mar,2016,CY2016,5,FY2016-Mar,2016,FY2016,11
19-Mar-16,19,19,Mar,3,CY2016-Mar,2016,CY2016,5,FY2016-Mar,2016,FY2016,11
20-Mar-16,20,20,Mar,3,CY2016-Mar,2016,CY2016,5,FY2016-Mar,2016,FY2016,11
21-Mar-16,21,21,Mar,3,CY2016-Mar,2016,CY2016,5,FY2016-Mar,2016,FY2016,12
22-Mar-16,22,22,Mar,3,CY2016-Mar,2016,CY2016,5,FY2016-Mar,2016,FY2016,12
23-Mar-16,23,23,Mar,3,CY2016-Mar,2016,CY2016,5,FY2016-Mar,2016,FY2016,12
24-Mar-16,24,24,Mar,3,CY2016-Mar,2016,CY2016,5,FY2016-Mar,2016,FY2016,12
25-Mar-16,25,25,Mar,3,CY2016-Mar,2016,CY2016,5,FY2016-Mar,2016,FY2016,12
26-Mar-16,26,26,Mar,3,CY2016-Mar,2016,CY2016,5,FY2016-Mar,2016,FY2016,12
27-Mar-16,27,27,Mar,3,CY2016-Mar,2016,CY2016,5,FY2016-Mar,2016,FY2016,12
28-Mar-16,28,28,Mar,3,CY2016-Mar,2016,CY2016,5,FY2016-Mar,2016,FY2016,13
29-Mar-16,29,29,Mar,3,CY2016-Mar,2016,CY2016,5,FY2016-Mar,2016,FY2016,13
30-Mar-16,30,30,Mar,3,CY2016-Mar,2016,CY2016,5,FY2016-Mar,2016,FY2016,13
31-Mar-16,31,31,Mar,3,CY2016-Mar,2016,CY2016,5,FY2016-Mar,2016,FY2016,13
1-Apr-16,1,1,Apr,4,CY2016-Apr,2016,CY2016,6,FY2016-Apr,2016,FY2016,13
2-Apr-16,2,2,Apr,4,CY2016-Apr,2016,CY2016,6,FY2016-Apr,2016,FY2016,13
3-Apr-16,3,3,Apr,4,CY2016-Apr,2016,CY2016,6,FY2016-Apr,2016,FY2016,13
4-Apr-16,4,4,Apr,4,CY2016-Apr,2016,CY2016,6,FY2016-Apr,2016,FY2016,14
5-Apr-16,5,5,Apr,4,CY2016-Apr,2016,CY2016,6,FY2016-Apr,2016,FY2016,14
6-Apr-16,6,6,Apr,4,CY2016-Apr,2016,CY2016,6,FY2016-Apr,2016,FY2016,14
7-Apr-16,7,7,Apr,4,CY2016-Apr,2016,CY2016,6,FY2016-Apr,2016,FY2016,14
8-Apr-16,8,8,Apr,4,CY2016-Apr,2016,CY2016,6,FY2016-Apr,2016,FY2016,14
9-Apr-16,9,9,Apr,4,CY2016-Apr,2016,CY2016,6,FY2016-Apr,2016,FY2016,14
10-Apr-16,10,10,Apr,4,CY2016-Apr,2016,CY2016,6,FY2016-Apr,2016,FY2016,14
11-Apr-16,11,11,Apr,4,CY2016-Apr,2016,CY2016,6,FY2016-Apr,2016,FY2016,15
12-Apr-16,12,12,Apr,4,CY2016-Apr,2016,CY2016,6,FY2016-Apr,2016,FY2016,15
13-Apr-16,13,13,Apr,4,CY2016-Apr,2016,CY2016,6,FY2016-Apr,2016,FY2016,15
14-Apr-16,14,14,Apr,4,CY2016-Apr,2016,CY2016,6,FY2016-Apr,2016,FY2016,15
15-Apr-16,15,15,Apr,4,CY2016-Apr,2016,CY2016,6,FY2016-Apr,2016,FY2016,15
16-Apr-16,16,16,Apr,4,CY2016-Apr,2016,CY2016,6,FY2016-Apr,2016,FY2016,15
17-Apr-16,17,17,Apr,4,CY2016-Apr,2016,CY2016,6,FY2016-Apr,2016,FY2016,15
18-Apr-16,18,18,Apr,4,CY2016-Apr,2016,CY2016,6,FY2016-Apr,2016,FY2016,16
19-Apr-16,19,19,Apr,4,CY2016-Apr,2016,CY2016,6,FY2016-Apr,2016,FY2016,16
20-Apr-16,20,20,Apr,4,CY2016-Apr,2016,CY2016,6,FY2016-Apr,2016,FY2016,16
21-Apr-16,21,21,Apr,4,CY2016-Apr,2016,CY2016,6,FY2016-Apr,2016,FY2016,16
22-Apr-16,22,22,Apr,4,CY2016-Apr,2016,CY2016,6,FY2016-Apr,2016,FY2016,16
23-Apr-16,23,23,Apr,4,CY2016-Apr,2016,CY2016,6,FY2016-Apr,2016,FY2016,16
24-Apr-16,24,24,Apr,4,CY2016-Apr,2016,CY2016,6,FY2016-Apr,2016,FY2016,16
25-Apr-16,25,25,Apr,4,CY2016-Apr,2016,CY2016,6,FY2016-Apr,2016,FY2016,17
26-Apr-16,26,26,Apr,4,CY2016-Apr,2016,CY2016,6,FY2016-Apr,2016,FY2016,17
27-Apr-16,27,27,Apr,4,CY2016-Apr,2016,CY2016,6,FY2016-Apr,2016,FY2016,17
28-Apr-16,28,28,Apr,4,CY2016-Apr,2016,CY2016,6,FY2016-Apr,2016,FY2016,17
29-Apr-16,29,29,Apr,4,CY2016-Apr,2016,CY2016,6,FY2016-Apr,2016,FY2016,17
30-Apr-16,30,30,Apr,4,CY2016-Apr,2016,CY2016,6,FY2016-Apr,2016,FY2016,17
1-May-16,1,1,May,5,CY2016-May,2016,CY2016,7,FY2016-May,2016,FY2016,17
2-May-16,2,2,May,5,CY2016-May,2016,CY2016,7,FY2016-May,2016,FY2016,18
3-May-16,3,3,May,5,CY2016-May,2016,CY2016,7,FY2016-May,2016,FY2016,18
4-May-16,4,4,May,5,CY2016-May,2016,CY2016,7,FY2016-May,2016,FY2016,18
5-May-16,5,5,May,5,CY2016-May,2016,CY2016,7,FY2016-May,2016,FY2016,18
6-May-16,6,6,May,5,CY2016-May,2016,CY2016,7,FY2016-May,2016,FY2016,18
7-May-16,7,7,May,5,CY2016-May,2016,CY2016,7,FY2016-May,2016,FY2016,18
8-May-16,8,8,May,5,CY2016-May,2016,CY2016,7,FY2016-May,2016,FY2016,18
9-May-16,9,9,May,5,CY2016-May,2016,CY2016,7,FY2016-May,2016,FY2016,19
10-May-16,10,10,May,5,CY2016-May,2016,CY2016,7,FY2016-May,2016,FY2016,19
11-May-16,11,11,May,5,CY2016-May,2016,CY2016,7,FY2016-May,2016,FY2016,19
12-May-16,12,12,May,5,CY2016-May,2016,CY2016,7,FY2016-May,2016,FY2016,19
13-May-16,13,13,May,5,CY2016-May,2016,CY2016,7,FY2016-May,2016,FY2016,19
14-May-16,14,14,May,5,CY2016-May,2016,CY2016,7,FY2016-May,2016,FY2016,19
15-May-16,15,15,May,5,CY2016-May,2016,CY2016,7,FY2016-May,2016,FY2016,19
16-May-16,16,16,May,5,CY2016-May,2016,CY2016,7,FY2016-May,2016,FY2016,20
17-May-16,17,17,May,5,CY2016-May,2016,CY2016,7,FY2016-May,2016,FY2016,20
18-May-16,18,18,May,5,CY2016-May,2016,CY2016,7,FY2016-May,2016,FY2016,20
19-May-16,19,19,May,5,CY2016-May,2016,CY2016,7,FY2016-May,2016,FY2016,20
20-May-16,20,20,May,5,CY2016-May,2016,CY2016,7,FY2016-May,2016,FY2016,20
21-May-16,21,21,May,5,CY2016-May,2016,CY2016,7,FY2016-May,2016,FY2016,20
22-May-16,22,22,May,5,CY2016-May,2016,CY2016,7,FY2016-May,2016,FY2016,20
23-May-16,23,23,May,5,CY2016-May,2016,CY2016,7,FY2016-May,2016,FY2016,21
24-May-16,24,24,May,5,CY2016-May,2016,CY2016,7,FY2016-May,2016,FY2016,21
25-May-16,25,25,May,5,CY2016-May,2016,CY2016,7,FY2016-May,2016,FY2016,21
26-May-16,26,26,May,5,CY2016-May,2016,CY2016,7,FY2016-May,2016,FY2016,21
27-May-16,27,27,May,5,CY2016-May,2016,CY2016,7,FY2016-May,2016,FY2016,21
28-May-16,28,28,May,5,CY2016-May,2016,CY2016,7,FY2016-May,2016,FY2016,21
29-May-16,29,29,May,5,CY2016-May,2016,CY2016,7,FY2016-May,2016,FY2016,21
30-May-16,30,30,May,5,CY2016-May,2016,CY2016,7,FY2016-May,2016,FY2016,22
31-May-16,31,31,May,5,CY2016-May,2016,CY2016,7,FY2016-May,2016,FY2016,22
1-Jun-16,1,1,Jun,6,CY2016-Jun,2016,CY2016,8,FY2016-Jun,2016,FY2016,22
2-Jun-16,2,2,Jun,6,CY2016-Jun,2016,CY2016,8,FY2016-Jun,2016,FY2016,22
3-Jun-16,3,3,Jun,6,CY2016-Jun,2016,CY2016,8,FY2016-Jun,2016,FY2016,22
4-Jun-16,4,4,Jun,6,CY2016-Jun,2016,CY2016,8,FY2016-Jun,2016,FY2016,22
5-Jun-16,5,5,Jun,6,CY2016-Jun,2016,CY2016,8,FY2016-Jun,2016,FY2016,22
6-Jun-16,6,6,Jun,6,CY2016-Jun,2016,CY2016,8,FY2016-Jun,2016,FY2016,23
7-Jun-16,7,7,Jun,6,CY2016-Jun,2016,CY2016,8,FY2016-Jun,2016,FY2016,23
8-Jun-16,8,8,Jun,6,CY2016-Jun,2016,CY2016,8,FY2016-Jun,2016,FY2016,23
9-Jun-16,9,9,Jun,6,CY2016-Jun,2016,CY2016,8,FY2016-Jun,2016,FY2016,23
10-Jun-16,10,10,Jun,6,CY2016-Jun,2016,CY2016,8,FY2016-Jun,2016,FY2016,23
11-Jun-16,11,11,Jun,6,CY2016-Jun,2016,CY2016,8,FY2016-Jun,2016,FY2016,23
12-Jun-16,12,12,Jun,6,CY2016-Jun,2016,CY2016,8,FY2016-Jun,2016,FY2016,23
13-Jun-16,13,13,Jun,6,CY2016-Jun,2016,CY2016,8,FY2016-Jun,2016,FY2016,24
14-Jun-16,14,14,Jun,6,CY2016-Jun,2016,CY2016,8,FY2016-Jun,2016,FY2016,24
15-Jun-16,15,15,Jun,6,CY2016-Jun,2016,CY2016,8,FY2016-Jun,2016,FY2016,24
16-Jun-16,16,16,Jun,6,CY2016-Jun,2016,CY2016,8,FY2016-Jun,2016,FY2016,24
17-Jun-16,17,17,Jun,6,CY2016-Jun,2016,CY2016,8,FY2016-Jun,2016,FY2016,24
18-Jun-16,18,18,Jun,6,CY2016-Jun,2016,CY2016,8,FY2016-Jun,2016,FY2016,24
19-Jun-16,19,19,Jun,6,CY2016-Jun,2016,CY2016,8,FY2016-Jun,2016,FY2016,24
20-Jun-16,20,20,Jun,6,CY2016-Jun,2016,CY2016,8,FY2016-Jun,2016,FY2016,25
21-Jun-16,21,21,Jun,6,CY2016-Jun,2016,CY2016,8,FY2016-Jun,2016,FY2016,25
22-Jun-16,22,22,Jun,6,CY2016-Jun,2016,CY2016,8,FY2016-Jun,2016,FY2016,25
23-Jun-16,23,23,Jun,6,CY2016-Jun,2016,CY2016,8,FY2016-Jun,2016,FY2016,25
24-Jun-16,24,24,Jun,6,CY2016-Jun,2016,CY2016,8,FY2016-Jun,2016,FY2016,25
25-Jun-16,25,25,Jun,6,CY2016-Jun,2016,CY2016,8,FY2016-Jun,2016,FY2016,25
26-Jun-16,26,26,Jun,6,CY2016-Jun,2016,CY2016,8,FY2016-Jun,2016,FY2016,25
27-Jun-16,27,27,Jun,6,CY2016-Jun,2016,CY2016,8,FY2016-Jun,2016,FY2016,26
28-Jun-16,28,28,Jun,6,CY2016-Jun,2016,CY2016,8,FY2016-Jun,2016,FY2016,26
29-Jun-16,29,29,Jun,6,CY2016-Jun,2016,CY2016,8,FY2016-Jun,2016,FY2016,26
30-Jun-16,30,30,Jun,6,CY2016-Jun,2016,CY2016,8,FY2016-Jun,2016,FY2016,26
1-Jul-16,1,1,Jul,7,CY2016-Jul,2016,CY2016,9,FY2016-Jul,2016,FY2016,26
2-Jul-16,2,2,Jul,7,CY2016-Jul,2016,CY2016,9,FY2016-Jul,2016,FY2016,26
3-Jul-16,3,3,Jul,7,CY2016-Jul,2016,CY2016,9,FY2016-Jul,2016,FY2016,26
4-Jul-16,4,4,Jul,7,CY2016-Jul,2016,CY2016,9,FY2016-Jul,2016,FY2016,27
5-Jul-16,5,5,Jul,7,CY2016-Jul,2016,CY2016,9,FY2016-Jul,2016,FY2016,27
6-Jul-16,6,6,Jul,7,CY2016-Jul,2016,CY2016,9,FY2016-Jul,2016,FY2016,27
7-Jul-16,7,7,Jul,7,CY2016-Jul,2016,CY2016,9,FY2016-Jul,2016,FY2016,27
8-Jul-16,8,8,Jul,7,CY2016-Jul,2016,CY2016,9,FY2016-Jul,2016,FY2016,27
9-Jul-16,9,9,Jul,7,CY2016-Jul,2016,CY2016,9,FY2016-Jul,2016,FY2016,27
10-Jul-16,10,10,Jul,7,CY2016-Jul,2016,CY2016,9,FY2016-Jul,2016,FY2016,27
11-Jul-16,11,11,Jul,7,CY2016-Jul,2016,CY2016,9,FY2016-Jul,2016,FY2016,28
12-Jul-16,12,12,Jul,7,CY2016-Jul,2016,CY2016,9,FY2016-Jul,2016,FY2016,28
13-Jul-16,13,13,Jul,7,CY2016-Jul,2016,CY2016,9,FY2016-Jul,2016,FY2016,28
14-Jul-16,14,14,Jul,7,CY2016-Jul,2016,CY2016,9,FY2016-Jul,2016,FY2016,28
15-Jul-16,15,15,Jul,7,CY2016-Jul,2016,CY2016,9,FY2016-Jul,2016,FY2016,28
16-Jul-16,16,16,Jul,7,CY2016-Jul,2016,CY2016,9,FY2016-Jul,2016,FY2016,28
17-Jul-16,17,17,Jul,7,CY2016-Jul,2016,CY2016,9,FY2016-Jul,2016,FY2016,28
18-Jul-16,18,18,Jul,7,CY2016-Jul,2016,CY2016,9,FY2016-Jul,2016,FY2016,29
19-Jul-16,19,19,Jul,7,CY2016-Jul,2016,CY2016,9,FY2016-Jul,2016,FY2016,29
20-Jul-16,20,20,Jul,7,CY2016-Jul,2016,CY2016,9,FY2016-Jul,2016,FY2016,29
21-Jul-16,21,21,Jul,7,CY2016-Jul,2016,CY2016,9,FY2016-Jul,2016,FY2016,29
22-Jul-16,22,22,Jul,7,CY2016-Jul,2016,CY2016,9,FY2016-Jul,2016,FY2016,29
23-Jul-16,23,23,Jul,7,CY2016-Jul,2016,CY2016,9,FY2016-Jul,2016,FY2016,29
24-Jul-16,24,24,Jul,7,CY2016-Jul,2016,CY2016,9,FY2016-Jul,2016,FY2016,29
25-Jul-16,25,25,Jul,7,CY2016-Jul,2016,CY2016,9,FY2016-Jul,2016,FY2016,30
26-Jul-16,26,26,Jul,7,CY2016-Jul,2016,CY2016,9,FY2016-Jul,2016,FY2016,30
27-Jul-16,27,27,Jul,7,CY2016-Jul,2016,CY2016,9,FY2016-Jul,2016,FY2016,30
28-Jul-16,28,28,Jul,7,CY2016-Jul,2016,CY2016,9,FY2016-Jul,2016,FY2016,30
29-Jul-16,29,29,Jul,7,CY2016-Jul,2016,CY2016,9,FY2016-Jul,2016,FY2016,30
30-Jul-16,30,30,Jul,7,CY2016-Jul,2016,CY2016,9,FY2016-Jul,2016,FY2016,30
31-Jul-16,31,31,Jul,7,CY2016-Jul,2016,CY2016,9,FY2016-Jul,2016,FY2016,30
1-Aug-16,1,1,Aug,8,CY2016-Aug,2016,CY2016,10,FY2016-Aug,2016,FY2016,31
2-Aug-16,2,2,Aug,8,CY2016-Aug,2016,CY2016,10,FY2016-Aug,2016,FY2016,31
3-Aug-16,3,3,Aug,8,CY2016-Aug,2016,CY2016,10,FY2016-Aug,2016,FY2016,31
4-Aug-16,4,4,Aug,8,CY2016-Aug,2016,CY2016,10,FY2016-Aug,2016,FY2016,31
5-Aug-16,5,5,Aug,8,CY2016-Aug,2016,CY2016,10,FY2016-Aug,2016,FY2016,31
6-Aug-16,6,6,Aug,8,CY2016-Aug,2016,CY2016,10,FY2016-Aug,2016,FY2016,31
7-Aug-16,7,7,Aug,8,CY2016-Aug,2016,CY2016,10,FY2016-Aug,2016,FY2016,31
8-Aug-16,8,8,Aug,8,CY2016-Aug,2016,CY2016,10,FY2016-Aug,2016,FY2016,32
9-Aug-16,9,9,Aug,8,CY2016-Aug,2016,CY2016,10,FY2016-Aug,2016,FY2016,32
10-Aug-16,10,10,Aug,8,CY2016-Aug,2016,CY2016,10,FY2016-Aug,2016,FY2016,32
11-Aug-16,11,11,Aug,8,CY2016-Aug,2016,CY2016,10,FY2016-Aug,2016,FY2016,32
12-Aug-16,12,12,Aug,8,CY2016-Aug,2016,CY2016,10,FY2016-Aug,2016,FY2016,32
13-Aug-16,13,13,Aug,8,CY2016-Aug,2016,CY2016,10,FY2016-Aug,2016,FY2016,32
14-Aug-16,14,14,Aug,8,CY2016-Aug,2016,CY2016,10,FY2016-Aug,2016,FY2016,32
15-Aug-16,15,15,Aug,8,CY2016-Aug,2016,CY2016,10,FY2016-Aug,2016,FY2016,33
16-Aug-16,16,16,Aug,8,CY2016-Aug,2016,CY2016,10,FY2016-Aug,2016,FY2016,33
17-Aug-16,17,17,Aug,8,CY2016-Aug,2016,CY2016,10,FY2016-Aug,2016,FY2016,33
18-Aug-16,18,18,Aug,8,CY2016-Aug,2016,CY2016,10,FY2016-Aug,2016,FY2016,33
19-Aug-16,19,19,Aug,8,CY2016-Aug,2016,CY2016,10,FY2016-Aug,2016,FY2016,33
20-Aug-16,20,20,Aug,8,CY2016-Aug,2016,CY2016,10,FY2016-Aug,2016,FY2016,33
21-Aug-16,21,21,Aug,8,CY2016-Aug,2016,CY2016,10,FY2016-Aug,2016,FY2016,33
22-Aug-16,22,22,Aug,8,CY2016-Aug,2016,CY2016,10,FY2016-Aug,2016,FY2016,34
23-Aug-16,23,23,Aug,8,CY2016-Aug,2016,CY2016,10,FY2016-Aug,2016,FY2016,34
24-Aug-16,24,24,Aug,8,CY2016-Aug,2016,CY2016,10,FY2016-Aug,2016,FY2016,34
25-Aug-16,25,25,Aug,8,CY2016-Aug,2016,CY2016,10,FY2016-Aug,2016,FY2016,34
26-Aug-16,26,26,Aug,8,CY2016-Aug,2016,CY2016,10,FY2016-Aug,2016,FY2016,34
27-Aug-16,27,27,Aug,8,CY2016-Aug,2016,CY2016,10,FY2016-Aug,2016,FY2016,34
28-Aug-16,28,28,Aug,8,CY2016-Aug,2016,CY2016,10,FY2016-Aug,2016,FY2016,34
29-Aug-16,29,29,Aug,8,CY2016-Aug,2016,CY2016,10,FY2016-Aug,2016,FY2016,35
30-Aug-16,30,30,Aug,8,CY2016-Aug,2016,CY2016,10,FY2016-Aug,2016,FY2016,35
31-Aug-16,31,31,Aug,8,CY2016-Aug,2016,CY2016,10,FY2016-Aug,2016,FY2016,35
1-Sep-16,1,1,Sep,9,CY2016-Sep,2016,CY2016,11,FY2016-Sep,2016,FY2016,35
2-Sep-16,2,2,Sep,9,CY2016-Sep,2016,CY2016,11,FY2016-Sep,2016,FY2016,35
3-Sep-16,3,3,Sep,9,CY2016-Sep,2016,CY2016,11,FY2016-Sep,2016,FY2016,35
4-Sep-16,4,4,Sep,9,CY2016-Sep,2016,CY2016,11,FY2016-Sep,2016,FY2016,35
5-Sep-16,5,5,Sep,9,CY2016-Sep,2016,CY2016,11,FY2016-Sep,2016,FY2016,36
6-Sep-16,6,6,Sep,9,CY2016-Sep,2016,CY2016,11,FY2016-Sep,2016,FY2016,36
7-Sep-16,7,7,Sep,9,CY2016-Sep,2016,CY2016,11,FY2016-Sep,2016,FY2016,36
8-Sep-16,8,8,Sep,9,CY2016-Sep,2016,CY2016,11,FY2016-Sep,2016,FY2016,36
9-Sep-16,9,9,Sep,9,CY2016-Sep,2016,CY2016,11,FY2016-Sep,2016,FY2016,36
10-Sep-16,10,10,Sep,9,CY2016-Sep,2016,CY2016,11,FY2016-Sep,2016,FY2016,36
11-Sep-16,11,11,Sep,9,CY2016-Sep,2016,CY2016,11,FY2016-Sep,2016,FY2016,36
12-Sep-16,12,12,Sep,9,CY2016-Sep,2016,CY2016,11,FY2016-Sep,2016,FY2016,37
13-Sep-16,13,13,Sep,9,CY2016-Sep,2016,CY2016,11,FY2016-Sep,2016,FY2016,37
14-Sep-16,14,14,Sep,9,CY2016-Sep,2016,CY2016,11,FY2016-Sep,2016,FY2016,37
15-Sep-16,15,15,Sep,9,CY2016-Sep,2016,CY2016,11,FY2016-Sep,2016,FY2016,37
16-Sep-16,16,16,Sep,9,CY2016-Sep,2016,CY2016,11,FY2016-Sep,2016,FY2016,37
17-Sep-16,17,17,Sep,9,CY2016-Sep,2016,CY2016,11,FY2016-Sep,2016,FY2016,37
18-Sep-16,18,18,Sep,9,CY2016-Sep,2016,CY2016,11,FY2016-Sep,2016,FY2016,37
19-Sep-16,19,19,Sep,9,CY2016-Sep,2016,CY2016,11,FY2016-Sep,2016,FY2016,38
20-Sep-16,20,20,Sep,9,CY2016-Sep,2016,CY2016,11,FY2016-Sep,2016,FY2016,38
21-Sep-16,21,21,Sep,9,CY2016-Sep,2016,CY2016,11,FY2016-Sep,2016,FY2016,38
22-Sep-16,22,22,Sep,9,CY2016-Sep,2016,CY2016,11,FY2016-Sep,2016,FY2016,38
23-Sep-16,23,23,Sep,9,CY2016-Sep,2016,CY2016,11,FY2016-Sep,2016,FY2016,38
24-Sep-16,24,24,Sep,9,CY2016-Sep,2016,CY2016,11,FY2016-Sep,2016,FY2016,38
25-Sep-16,25,25,Sep,9,CY2016-Sep,2016,CY2016,11,FY2016-Sep,2016,FY2016,38
26-Sep-16,26,26,Sep,9,CY2016-Sep,2016,CY2016,11,FY2016-Sep,2016,FY2016,39
27-Sep-16,27,27,Sep,9,CY2016-Sep,2016,CY2016,11,FY2016-Sep,2016,FY2016,39
28-Sep-16,28,28,Sep,9,CY2016-Sep,2016,CY2016,11,FY2016-Sep,2016,FY2016,39
29-Sep-16,29,29,Sep,9,CY2016-Sep,2016,CY2016,11,FY2016-Sep,2016,FY2016,39
30-Sep-16,30,30,Sep,9,CY2016-Sep,2016,CY2016,11,FY2016-Sep,2016,FY2016,39
1-Oct-16,1,1,Oct,10,CY2016-Oct,2016,CY2016,12,FY2016-Oct,2016,FY2016,39
2-Oct-16,2,2,Oct,10,CY2016-Oct,2016,CY2016,12,FY2016-Oct,2016,FY2016,39
3-Oct-16,3,3,Oct,10,CY2016-Oct,2016,CY2016,12,FY2016-Oct,2016,FY2016,40
4-Oct-16,4,4,Oct,10,CY2016-Oct,2016,CY2016,12,FY2016-Oct,2016,FY2016,40
5-Oct-16,5,5,Oct,10,CY2016-Oct,2016,CY2016,12,FY2016-Oct,2016,FY2016,40
6-Oct-16,6,6,Oct,10,CY2016-Oct,2016,CY2016,12,FY2016-Oct,2016,FY2016,40
7-Oct-16,7,7,Oct,10,CY2016-Oct,2016,CY2016,12,FY2016-Oct,2016,FY2016,40
8-Oct-16,8,8,Oct,10,CY2016-Oct,2016,CY2016,12,FY2016-Oct,2016,FY2016,40
9-Oct-16,9,9,Oct,10,CY2016-Oct,2016,CY2016,12,FY2016-Oct,2016,FY2016,40
10-Oct-16,10,10,Oct,10,CY2016-Oct,2016,CY2016,12,FY2016-Oct,2016,FY2016,41
11-Oct-16,11,11,Oct,10,CY2016-Oct,2016,CY2016,12,FY2016-Oct,2016,FY2016,41
12-Oct-16,12,12,Oct,10,CY2016-Oct,2016,CY2016,12,FY2016-Oct,2016,FY2016,41
13-Oct-16,13,13,Oct,10,CY2016-Oct,2016,CY2016,12,FY2016-Oct,2016,FY2016,41
14-Oct-16,14,14,Oct,10,CY2016-Oct,2016,CY2016,12,FY2016-Oct,2016,FY2016,41
15-Oct-16,15,15,Oct,10,CY2016-Oct,2016,CY2016,12,FY2016-Oct,2016,FY2016,41
16-Oct-16,16,16,Oct,10,CY2016-Oct,2016,CY2016,12,FY2016-Oct,2016,FY2016,41
17-Oct-16,17,17,Oct,10,CY2016-Oct,2016,CY2016,12,FY2016-Oct,2016,FY2016,42
18-Oct-16,18,18,Oct,10,CY2016-Oct,2016,CY2016,12,FY2016-Oct,2016,FY2016,42
19-Oct-16,19,19,Oct,10,CY2016-Oct,2016,CY2016,12,FY2016-Oct,2016,FY2016,42
20-Oct-16,20,20,Oct,10,CY2016-Oct,2016,CY2016,12,FY2016-Oct,2016,FY2016,42
21-Oct-16,21,21,Oct,10,CY2016-Oct,2016,CY2016,12,FY2016-Oct,2016,FY2016,42
22-Oct-16,22,22,Oct,10,CY2016-Oct,2016,CY2016,12,FY2016-Oct,2016,FY2016,42
23-Oct-16,23,23,Oct,10,CY2016-Oct,2016,CY2016,12,FY2016-Oct,2016,FY2016,42
24-Oct-16,24,24,Oct,10,CY2016-Oct,2016,CY2016,12,FY2016-Oct,2016,FY2016,43
25-Oct-16,25,25,Oct,10,CY2016-Oct,2016,CY2016,12,FY2016-Oct,2016,FY2016,43
26-Oct-16,26,26,Oct,10,CY2016-Oct,2016,CY2016,12,FY2016-Oct,2016,FY2016,43
27-Oct-16,27,27,Oct,10,CY2016-Oct,2016,CY2016,12,FY2016-Oct,2016,FY2016,43
28-Oct-16,28,28,Oct,10,CY2016-Oct,2016,CY2016,12,FY2016-Oct,2016,FY2016,43
29-Oct-16,29,29,Oct,10,CY2016-Oct,2016,CY2016,12,FY2016-Oct,2016,FY2016,43
30-Oct-16,30,30,Oct,10,CY2016-Oct,2016,CY2016,12,FY2016-Oct,2016,FY2016,43
31-Oct-16,31,31,Oct,10,CY2016-Oct,2016,CY2016,12,FY2016-Oct,2016,FY2016,44
1-Nov-15,1,1,Nov,11,CY2015-Nov,2015,CY2015,1,FY2016-Nov,2016,FY2016,44
2-Nov-15,2,2,Nov,11,CY2015-Nov,2015,CY2015,1,FY2016-Nov,2016,FY2016,45
3-Nov-15,3,3,Nov,11,CY2015-Nov,2015,CY2015,1,FY2016-Nov,2016,FY2016,45
4-Nov-15,4,4,Nov,11,CY2015-Nov,2015,CY2015,1,FY2016-Nov,2016,FY2016,45
5-Nov-15,5,5,Nov,11,CY2015-Nov,2015,CY2015,1,FY2016-Nov,2016,FY2016,45
6-Nov-15,6,6,Nov,11,CY2015-Nov,2015,CY2015,1,FY2016-Nov,2016,FY2016,45
7-Nov-15,7,7,Nov,11,CY2015-Nov,2015,CY2015,1,FY2016-Nov,2016,FY2016,45
8-Nov-15,8,8,Nov,11,CY2015-Nov,2015,CY2015,1,FY2016-Nov,2016,FY2016,45
9-Nov-15,9,9,Nov,11,CY2015-Nov,2015,CY2015,1,FY2016-Nov,2016,FY2016,46
10-Nov-15,10,10,Nov,11,CY2015-Nov,2015,CY2015,1,FY2016-Nov,2016,FY2016,46
11-Nov-15,11,11,Nov,11,CY2015-Nov,2015,CY2015,1,FY2016-Nov,2016,FY2016,46
12-Nov-15,12,12,Nov,11,CY2015-Nov,2015,CY2015,1,FY2016-Nov,2016,FY2016,46
13-Nov-15,13,13,Nov,11,CY2015-Nov,2015,CY2015,1,FY2016-Nov,2016,FY2016,46
14-Nov-15,14,14,Nov,11,CY2015-Nov,2015,CY2015,1,FY2016-Nov,2016,FY2016,46
15-Nov-15,15,15,Nov,11,CY2015-Nov,2015,CY2015,1,FY2016-Nov,2016,FY2016,46
16-Nov-15,16,16,Nov,11,CY2015-Nov,2015,CY2015,1,FY2016-Nov,2016,FY2016,47
17-Nov-15,17,17,Nov,11,CY2015-Nov,2015,CY2015,1,FY2016-Nov,2016,FY2016,47
18-Nov-15,18,18,Nov,11,CY2015-Nov,2015,CY2015,1,FY2016-Nov,2016,FY2016,47
19-Nov-15,19,19,Nov,11,CY2015-Nov,2015,CY2015,1,FY2016-Nov,2016,FY2016,47
20-Nov-15,20,20,Nov,11,CY2015-Nov,2015,CY2015,1,FY2016-Nov,2016,FY2016,47
21-Nov-15,21,21,Nov,11,CY2015-Nov,2015,CY2015,1,FY2016-Nov,2016,FY2016,47
22-Nov-15,22,22,Nov,11,CY2015-Nov,2015,CY2015,1,FY2016-Nov,2016,FY2016,47
23-Nov-15,23,23,Nov,11,CY2015-Nov,2015,CY2015,1,FY2016-Nov,2016,FY2016,48
24-Nov-15,24,24,Nov,11,CY2015-Nov,2015,CY2015,1,FY2016-Nov,2016,FY2016,48
25-Nov-15,25,25,Nov,11,CY2015-Nov,2015,CY2015,1,FY2016-Nov,2016,FY2016,48
26-Nov-15,26,26,Nov,11,CY2015-Nov,2015,CY2015,1,FY2016-Nov,2016,FY2016,48
27-Nov-15,27,27,Nov,11,CY2015-Nov,2015,CY2015,1,FY2016-Nov,2016,FY2016,48
28-Nov-15,28,28,Nov,11,CY2015-Nov,2015,CY2015,1,FY2016-Nov,2016,FY2016,48
29-Nov-15,29,29,Nov,11,CY2015-Nov,2015,CY2015,1,FY2016-Nov,2016,FY2016,48
30-Nov-15,30,30,Nov,11,CY2015-Nov,2015,CY2015,1,FY2016-Nov,2016,FY2016,49
1-Dec-15,1,1,Dec,12,CY2015-Dec,2015,CY2015,2,FY2016-Dec,2016,FY2016,49
2-Dec-15,2,2,Dec,12,CY2015-Dec,2015,CY2015,2,FY2016-Dec,2016,FY2016,49
3-Dec-15,3,3,Dec,12,CY2015-Dec,2015,CY2015,2,FY2016-Dec,2016,FY2016,49
4-Dec-15,4,4,Dec,12,CY2015-Dec,2015,CY2015,2,FY2016-Dec,2016,FY2016,49
5-Dec-15,5,5,Dec,12,CY2015-Dec,2015,CY2015,2,FY2016-Dec,2016,FY2016,49
6-Dec-15,6,6,Dec,12,CY2015-Dec,2015,CY2015,2,FY2016-Dec,2016,FY2016,49
7-Dec-15,7,7,Dec,12,CY2015-Dec,2015,CY2015,2,FY2016-Dec,2016,FY2016,50
8-Dec-15,8,8,Dec,12,CY2015-Dec,2015,CY2015,2,FY2016-Dec,2016,FY2016,50
9-Dec-15,9,9,Dec,12,CY2015-Dec,2015,CY2015,2,FY2016-Dec,2016,FY2016,50
10-Dec-15,10,10,Dec,12,CY2015-Dec,2015,CY2015,2,FY2016-Dec,2016,FY2016,50
11-Dec-15,11,11,Dec,12,CY2015-Dec,2015,CY2015,2,FY2016-Dec,2016,FY2016,50
12-Dec-15,12,12,Dec,12,CY2015-Dec,2015,CY2015,2,FY2016-Dec,2016,FY2016,50
13-Dec-15,13,13,Dec,12,CY2015-Dec,2015,CY2015,2,FY2016-Dec,2016,FY2016,50
14-Dec-15,14,14,Dec,12,CY2015-Dec,2015,CY2015,2,FY2016-Dec,2016,FY2016,51
15-Dec-15,15,15,Dec,12,CY2015-Dec,2015,CY2015,2,FY2016-Dec,2016,FY2016,51
16-Dec-15,16,16,Dec,12,CY2015-Dec,2015,CY2015,2,FY2016-Dec,2016,FY2016,51
17-Dec-15,17,17,Dec,12,CY2015-Dec,2015,CY2015,2,FY2016-Dec,2016,FY2016,51
18-Dec-15,18,18,Dec,12,CY2015-Dec,2015,CY2015,2,FY2016-Dec,2016,FY2016,51
19-Dec-15,19,19,Dec,12,CY2015-Dec,2015,CY2015,2,FY2016-Dec,2016,FY2016,51
20-Dec-15,20,20,Dec,12,CY2015-Dec,2015,CY2015,2,FY2016-Dec,2016,FY2016,51
21-Dec-15,21,21,Dec,12,CY2015-Dec,2015,CY2015,2,FY2016-Dec,2016,FY2016,52
22-Dec-15,22,22,Dec,12,CY2015-Dec,2015,CY2015,2,FY2016-Dec,2016,FY2016,52
23-Dec-15,23,23,Dec,12,CY2015-Dec,2015,CY2015,2,FY2016-Dec,2016,FY2016,52
24-Dec-15,24,24,Dec,12,CY2015-Dec,2015,CY2015,2,FY2016-Dec,2016,FY2016,52
25-Dec-15,25,25,Dec,12,CY2015-Dec,2015,CY2015,2,FY2016-Dec,2016,FY2016,52
26-Dec-15,26,26,Dec,12,CY2015-Dec,2015,CY2015,2,FY2016-Dec,2016,FY2016,52
27-Dec-15,27,27,Dec,12,CY2015-Dec,2015,CY2015,2,FY2016-Dec,2016,FY2016,52
28-Dec-15,28,28,Dec,12,CY2015-Dec,2015,CY2015,2,FY2016-Dec,2016,FY2016,53
29-Dec-15,29,29,Dec,12,CY2015-Dec,2015,CY2015,2,FY2016-Dec,2016,FY2016,53
30-Dec-15,30,30,Dec,12,CY2015-Dec,2015,CY2015,2,FY2016-Dec,2016,FY2016,53
31-Dec-15,31,31,Dec,12,CY2015-Dec,2015,CY2015,2,FY2016-Dec,2016,FY2016,53
1-Nov-13,1,1,Nov,11,CY2013-Nov,2013,CY2013,1,FY2014-Nov,2014,FY2014,44
2-Nov-13,2,2,Nov,11,CY2013-Nov,2013,CY2013,1,FY2014-Nov,2014,FY2014,44
3-Nov-13,3,3,Nov,11,CY2013-Nov,2013,CY2013,1,FY2014-Nov,2014,FY2014,44
4-Nov-13,4,4,Nov,11,CY2013-Nov,2013,CY2013,1,FY2014-Nov,2014,FY2014,45
5-Nov-13,5,5,Nov,11,CY2013-Nov,2013,CY2013,1,FY2014-Nov,2014,FY2014,45
6-Nov-13,6,6,Nov,11,CY2013-Nov,2013,CY2013,1,FY2014-Nov,2014,FY2014,45
7-Nov-13,7,7,Nov,11,CY2013-Nov,2013,CY2013,1,FY2014-Nov,2014,FY2014,45
8-Nov-13,8,8,Nov,11,CY2013-Nov,2013,CY2013,1,FY2014-Nov,2014,FY2014,45
9-Nov-13,9,9,Nov,11,CY2013-Nov,2013,CY2013,1,FY2014-Nov,2014,FY2014,45
10-Nov-13,10,10,Nov,11,CY2013-Nov,2013,CY2013,1,FY2014-Nov,2014,FY2014,45
11-Nov-13,11,11,Nov,11,CY2013-Nov,2013,CY2013,1,FY2014-Nov,2014,FY2014,46
12-Nov-13,12,12,Nov,11,CY2013-Nov,2013,CY2013,1,FY2014-Nov,2014,FY2014,46
13-Nov-13,13,13,Nov,11,CY2013-Nov,2013,CY2013,1,FY2014-Nov,2014,FY2014,46
14-Nov-13,14,14,Nov,11,CY2013-Nov,2013,CY2013,1,FY2014-Nov,2014,FY2014,46
15-Nov-13,15,15,Nov,11,CY2013-Nov,2013,CY2013,1,FY2014-Nov,2014,FY2014,46
16-Nov-13,16,16,Nov,11,CY2013-Nov,2013,CY2013,1,FY2014-Nov,2014,FY2014,46
17-Nov-13,17,17,Nov,11,CY2013-Nov,2013,CY2013,1,FY2014-Nov,2014,FY2014,46
18-Nov-13,18,18,Nov,11,CY2013-Nov,2013,CY2013,1,FY2014-Nov,2014,FY2014,47
19-Nov-13,19,19,Nov,11,CY2013-Nov,2013,CY2013,1,FY2014-Nov,2014,FY2014,47
20-Nov-13,20,20,Nov,11,CY2013-Nov,2013,CY2013,1,FY2014-Nov,2014,FY2014,47
21-Nov-13,21,21,Nov,11,CY2013-Nov,2013,CY2013,1,FY2014-Nov,2014,FY2014,47
22-Nov-13,22,22,Nov,11,CY2013-Nov,2013,CY2013,1,FY2014-Nov,2014,FY2014,47
23-Nov-13,23,23,Nov,11,CY2013-Nov,2013,CY2013,1,FY2014-Nov,2014,FY2014,47
24-Nov-13,24,24,Nov,11,CY2013-Nov,2013,CY2013,1,FY2014-Nov,2014,FY2014,47
25-Nov-13,25,25,Nov,11,CY2013-Nov,2013,CY2013,1,FY2014-Nov,2014,FY2014,48
26-Nov-13,26,26,Nov,11,CY2013-Nov,2013,CY2013,1,FY2014-Nov,2014,FY2014,48
27-Nov-13,27,27,Nov,11,CY2013-Nov,2013,CY2013,1,FY2014-Nov,2014,FY2014,48
28-Nov-13,28,28,Nov,11,CY2013-Nov,2013,CY2013,1,FY2014-Nov,2014,FY2014,48
29-Nov-13,29,29,Nov,11,CY2013-Nov,2013,CY2013,1,FY2014-Nov,2014,FY2014,48
30-Nov-13,30,30,Nov,11,CY2013-Nov,2013,CY2013,1,FY2014-Nov,2014,FY2014,48
1-Dec-13,1,1,Dec,12,CY2013-Dec,2013,CY2013,2,FY2014-Dec,2014,FY2014,48
2-Dec-13,2,2,Dec,12,CY2013-Dec,2013,CY2013,2,FY2014-Dec,2014,FY2014,49
3-Dec-13,3,3,Dec,12,CY2013-Dec,2013,CY2013,2,FY2014-Dec,2014,FY2014,49
4-Dec-13,4,4,Dec,12,CY2013-Dec,2013,CY2013,2,FY2014-Dec,2014,FY2014,49
5-Dec-13,5,5,Dec,12,CY2013-Dec,2013,CY2013,2,FY2014-Dec,2014,FY2014,49
6-Dec-13,6,6,Dec,12,CY2013-Dec,2013,CY2013,2,FY2014-Dec,2014,FY2014,49
7-Dec-13,7,7,Dec,12,CY2013-Dec,2013,CY2013,2,FY2014-Dec,2014,FY2014,49
8-Dec-13,8,8,Dec,12,CY2013-Dec,2013,CY2013,2,FY2014-Dec,2014,FY2014,49
9-Dec-13,9,9,Dec,12,CY2013-Dec,2013,CY2013,2,FY2014-Dec,2014,FY2014,50
10-Dec-13,10,10,Dec,12,CY2013-Dec,2013,CY2013,2,FY2014-Dec,2014,FY2014,50
11-Dec-13,11,11,Dec,12,CY2013-Dec,2013,CY2013,2,FY2014-Dec,2014,FY2014,50
12-Dec-13,12,12,Dec,12,CY2013-Dec,2013,CY2013,2,FY2014-Dec,2014,FY2014,50
13-Dec-13,13,13,Dec,12,CY2013-Dec,2013,CY2013,2,FY2014-Dec,2014,FY2014,50
14-Dec-13,14,14,Dec,12,CY2013-Dec,2013,CY2013,2,FY2014-Dec,2014,FY2014,50
15-Dec-13,15,15,Dec,12,CY2013-Dec,2013,CY2013,2,FY2014-Dec,2014,FY2014,50
16-Dec-13,16,16,Dec,12,CY2013-Dec,2013,CY2013,2,FY2014-Dec,2014,FY2014,51
17-Dec-13,17,17,Dec,12,CY2013-Dec,2013,CY2013,2,FY2014-Dec,2014,FY2014,51
18-Dec-13,18,18,Dec,12,CY2013-Dec,2013,CY2013,2,FY2014-Dec,2014,FY2014,51
19-Dec-13,19,19,Dec,12,CY2013-Dec,2013,CY2013,2,FY2014-Dec,2014,FY2014,51
20-Dec-13,20,20,Dec,12,CY2013-Dec,2013,CY2013,2,FY2014-Dec,2014,FY2014,51
21-Dec-13,21,21,Dec,12,CY2013-Dec,2013,CY2013,2,FY2014-Dec,2014,FY2014,51
22-Dec-13,22,22,Dec,12,CY2013-Dec,2013,CY2013,2,FY2014-Dec,2014,FY2014,51
23-Dec-13,23,23,Dec,12,CY2013-Dec,2013,CY2013,2,FY2014-Dec,2014,FY2014,52
24-Dec-13,24,24,Dec,12,CY2013-Dec,2013,CY2013,2,FY2014-Dec,2014,FY2014,52
25-Dec-13,25,25,Dec,12,CY2013-Dec,2013,CY2013,2,FY2014-Dec,2014,FY2014,52
26-Dec-13,26,26,Dec,12,CY2013-Dec,2013,CY2013,2,FY2014-Dec,2014,FY2014,52
27-Dec-13,27,27,Dec,12,CY2013-Dec,2013,CY2013,2,FY2014-Dec,2014,FY2014,52
28-Dec-13,28,28,Dec,12,CY2013-Dec,2013,CY2013,2,FY2014-Dec,2014,FY2014,52
29-Dec-13,29,29,Dec,12,CY2013-Dec,2013,CY2013,2,FY2014-Dec,2014,FY2014,52
30-Dec-13,30,30,Dec,12,CY2013-Dec,2013,CY2013,2,FY2014-Dec,2014,FY2014,1
31-Dec-13,31,31,Dec,12,CY2013-Dec,2013,CY2013,2,FY2014-Dec,2014,FY2014,1
1-Jan-14,1,1,Jan,1,CY2014-Jan,2014,CY2014,3,FY2014-Jan,2014,FY2014,1
2-Jan-14,2,2,Jan,1,CY2014-Jan,2014,CY2014,3,FY2014-Jan,2014,FY2014,1
3-Jan-14,3,3,Jan,1,CY2014-Jan,2014,CY2014,3,FY2014-Jan,2014,FY2014,1
4-Jan-14,4,4,Jan,1,CY2014-Jan,2014,CY2014,3,FY2014-Jan,2014,FY2014,1
5-Jan-14,5,5,Jan,1,CY2014-Jan,2014,CY2014,3,FY2014-Jan,2014,FY2014,1
6-Jan-14,6,6,Jan,1,CY2014-Jan,2014,CY2014,3,FY2014-Jan,2014,FY2014,2
7-Jan-14,7,7,Jan,1,CY2014-Jan,2014,CY2014,3,FY2014-Jan,2014,FY2014,2
8-Jan-14,8,8,Jan,1,CY2014-Jan,2014,CY2014,3,FY2014-Jan,2014,FY2014,2
9-Jan-14,9,9,Jan,1,CY2014-Jan,2014,CY2014,3,FY2014-Jan,2014,FY2014,2
10-Jan-14,10,10,Jan,1,CY2014-Jan,2014,CY2014,3,FY2014-Jan,2014,FY2014,2
11-Jan-14,11,11,Jan,1,CY2014-Jan,2014,CY2014,3,FY2014-Jan,2014,FY2014,2
12-Jan-14,12,12,Jan,1,CY2014-Jan,2014,CY2014,3,FY2014-Jan,2014,FY2014,2
13-Jan-14,13,13,Jan,1,CY2014-Jan,2014,CY2014,3,FY2014-Jan,2014,FY2014,3
14-Jan-14,14,14,Jan,1,CY2014-Jan,2014,CY2014,3,FY2014-Jan,2014,FY2014,3
15-Jan-14,15,15,Jan,1,CY2014-Jan,2014,CY2014,3,FY2014-Jan,2014,FY2014,3
16-Jan-14,16,16,Jan,1,CY2014-Jan,2014,CY2014,3,FY2014-Jan,2014,FY2014,3
17-Jan-14,17,17,Jan,1,CY2014-Jan,2014,CY2014,3,FY2014-Jan,2014,FY2014,3
18-Jan-14,18,18,Jan,1,CY2014-Jan,2014,CY2014,3,FY2014-Jan,2014,FY2014,3
19-Jan-14,19,19,Jan,1,CY2014-Jan,2014,CY2014,3,FY2014-Jan,2014,FY2014,3
20-Jan-14,20,20,Jan,1,CY2014-Jan,2014,CY2014,3,FY2014-Jan,2014,FY2014,4
21-Jan-14,21,21,Jan,1,CY2014-Jan,2014,CY2014,3,FY2014-Jan,2014,FY2014,4
22-Jan-14,22,22,Jan,1,CY2014-Jan,2014,CY2014,3,FY2014-Jan,2014,FY2014,4
23-Jan-14,23,23,Jan,1,CY2014-Jan,2014,CY2014,3,FY2014-Jan,2014,FY2014,4
24-Jan-14,24,24,Jan,1,CY2014-Jan,2014,CY2014,3,FY2014-Jan,2014,FY2014,4
25-Jan-14,25,25,Jan,1,CY2014-Jan,2014,CY2014,3,FY2014-Jan,2014,FY2014,4
26-Jan-14,26,26,Jan,1,CY2014-Jan,2014,CY2014,3,FY2014-Jan,2014,FY2014,4
27-Jan-14,27,27,Jan,1,CY2014-Jan,2014,CY2014,3,FY2014-Jan,2014,FY2014,5
28-Jan-14,28,28,Jan,1,CY2014-Jan,2014,CY2014,3,FY2014-Jan,2014,FY2014,5
29-Jan-14,29,29,Jan,1,CY2014-Jan,2014,CY2014,3,FY2014-Jan,2014,FY2014,5
30-Jan-14,30,30,Jan,1,CY2014-Jan,2014,CY2014,3,FY2014-Jan,2014,FY2014,5
31-Jan-14,31,31,Jan,1,CY2014-Jan,2014,CY2014,3,FY2014-Jan,2014,FY2014,5
1-Feb-14,1,1,Feb,2,CY2014-Feb,2014,CY2014,4,FY2014-Feb,2014,FY2014,5
2-Feb-14,2,2,Feb,2,CY2014-Feb,2014,CY2014,4,FY2014-Feb,2014,FY2014,5
3-Feb-14,3,3,Feb,2,CY2014-Feb,2014,CY2014,4,FY2014-Feb,2014,FY2014,6
4-Feb-14,4,4,Feb,2,CY2014-Feb,2014,CY2014,4,FY2014-Feb,2014,FY2014,6
5-Feb-14,5,5,Feb,2,CY2014-Feb,2014,CY2014,4,FY2014-Feb,2014,FY2014,6
6-Feb-14,6,6,Feb,2,CY2014-Feb,2014,CY2014,4,FY2014-Feb,2014,FY2014,6
7-Feb-14,7,7,Feb,2,CY2014-Feb,2014,CY2014,4,FY2014-Feb,2014,FY2014,6
8-Feb-14,8,8,Feb,2,CY2014-Feb,2014,CY2014,4,FY2014-Feb,2014,FY2014,6
9-Feb-14,9,9,Feb,2,CY2014-Feb,2014,CY2014,4,FY2014-Feb,2014,FY2014,6
10-Feb-14,10,10,Feb,2,CY2014-Feb,2014,CY2014,4,FY2014-Feb,2014,FY2014,7
11-Feb-14,11,11,Feb,2,CY2014-Feb,2014,CY2014,4,FY2014-Feb,2014,FY2014,7
12-Feb-14,12,12,Feb,2,CY2014-Feb,2014,CY2014,4,FY2014-Feb,2014,FY2014,7
13-Feb-14,13,13,Feb,2,CY2014-Feb,2014,CY2014,4,FY2014-Feb,2014,FY2014,7
14-Feb-14,14,14,Feb,2,CY2014-Feb,2014,CY2014,4,FY2014-Feb,2014,FY2014,7
15-Feb-14,15,15,Feb,2,CY2014-Feb,2014,CY2014,4,FY2014-Feb,2014,FY2014,7
16-Feb-14,16,16,Feb,2,CY2014-Feb,2014,CY2014,4,FY2014-Feb,2014,FY2014,7
17-Feb-14,17,17,Feb,2,CY2014-Feb,2014,CY2014,4,FY2014-Feb,2014,FY2014,8
18-Feb-14,18,18,Feb,2,CY2014-Feb,2014,CY2014,4,FY2014-Feb,2014,FY2014,8
19-Feb-14,19,19,Feb,2,CY2014-Feb,2014,CY2014,4,FY2014-Feb,2014,FY2014,8
20-Feb-14,20,20,Feb,2,CY2014-Feb,2014,CY2014,4,FY2014-Feb,2014,FY2014,8
21-Feb-14,21,21,Feb,2,CY2014-Feb,2014,CY2014,4,FY2014-Feb,2014,FY2014,8
22-Feb-14,22,22,Feb,2,CY2014-Feb,2014,CY2014,4,FY2014-Feb,2014,FY2014,8
23-Feb-14,23,23,Feb,2,CY2014-Feb,2014,CY2014,4,FY2014-Feb,2014,FY2014,8
24-Feb-14,24,24,Feb,2,CY2014-Feb,2014,CY2014,4,FY2014-Feb,2014,FY2014,9
25-Feb-14,25,25,Feb,2,CY2014-Feb,2014,CY2014,4,FY2014-Feb,2014,FY2014,9
26-Feb-14,26,26,Feb,2,CY2014-Feb,2014,CY2014,4,FY2014-Feb,2014,FY2014,9
27-Feb-14,27,27,Feb,2,CY2014-Feb,2014,CY2014,4,FY2014-Feb,2014,FY2014,9
28-Feb-14,28,28,Feb,2,CY2014-Feb,2014,CY2014,4,FY2014-Feb,2014,FY2014,9
1-Mar-14,1,1,Mar,3,CY2014-Mar,2014,CY2014,5,FY2014-Mar,2014,FY2014,9
2-Mar-14,2,2,Mar,3,CY2014-Mar,2014,CY2014,5,FY2014-Mar,2014,FY2014,9
3-Mar-14,3,3,Mar,3,CY2014-Mar,2014,CY2014,5,FY2014-Mar,2014,FY2014,10
4-Mar-14,4,4,Mar,3,CY2014-Mar,2014,CY2014,5,FY2014-Mar,2014,FY2014,10
5-Mar-14,5,5,Mar,3,CY2014-Mar,2014,CY2014,5,FY2014-Mar,2014,FY2014,10
6-Mar-14,6,6,Mar,3,CY2014-Mar,2014,CY2014,5,FY2014-Mar,2014,FY2014,10
7-Mar-14,7,7,Mar,3,CY2014-Mar,2014,CY2014,5,FY2014-Mar,2014,FY2014,10
8-Mar-14,8,8,Mar,3,CY2014-Mar,2014,CY2014,5,FY2014-Mar,2014,FY2014,10
9-Mar-14,9,9,Mar,3,CY2014-Mar,2014,CY2014,5,FY2014-Mar,2014,FY2014,10
10-Mar-14,10,10,Mar,3,CY2014-Mar,2014,CY2014,5,FY2014-Mar,2014,FY2014,11
11-Mar-14,11,11,Mar,3,CY2014-Mar,2014,CY2014,5,FY2014-Mar,2014,FY2014,11
12-Mar-14,12,12,Mar,3,CY2014-Mar,2014,CY2014,5,FY2014-Mar,2014,FY2014,11
13-Mar-14,13,13,Mar,3,CY2014-Mar,2014,CY2014,5,FY2014-Mar,2014,FY2014,11
14-Mar-14,14,14,Mar,3,CY2014-Mar,2014,CY2014,5,FY2014-Mar,2014,FY2014,11
15-Mar-14,15,15,Mar,3,CY2014-Mar,2014,CY2014,5,FY2014-Mar,2014,FY2014,11
16-Mar-14,16,16,Mar,3,CY2014-Mar,2014,CY2014,5,FY2014-Mar,2014,FY2014,11
17-Mar-14,17,17,Mar,3,CY2014-Mar,2014,CY2014,5,FY2014-Mar,2014,FY2014,12
18-Mar-14,18,18,Mar,3,CY2014-Mar,2014,CY2014,5,FY2014-Mar,2014,FY2014,12
19-Mar-14,19,19,Mar,3,CY2014-Mar,2014,CY2014,5,FY2014-Mar,2014,FY2014,12
20-Mar-14,20,20,Mar,3,CY2014-Mar,2014,CY2014,5,FY2014-Mar,2014,FY2014,12
21-Mar-14,21,21,Mar,3,CY2014-Mar,2014,CY2014,5,FY2014-Mar,2014,FY2014,12
22-Mar-14,22,22,Mar,3,CY2014-Mar,2014,CY2014,5,FY2014-Mar,2014,FY2014,12
23-Mar-14,23,23,Mar,3,CY2014-Mar,2014,CY2014,5,FY2014-Mar,2014,FY2014,12
24-Mar-14,24,24,Mar,3,CY2014-Mar,2014,CY2014,5,FY2014-Mar,2014,FY2014,13
25-Mar-14,25,25,Mar,3,CY2014-Mar,2014,CY2014,5,FY2014-Mar,2014,FY2014,13
26-Mar-14,26,26,Mar,3,CY2014-Mar,2014,CY2014,5,FY2014-Mar,2014,FY2014,13
27-Mar-14,27,27,Mar,3,CY2014-Mar,2014,CY2014,5,FY2014-Mar,2014,FY2014,13
28-Mar-14,28,28,Mar,3,CY2014-Mar,2014,CY2014,5,FY2014-Mar,2014,FY2014,13
29-Mar-14,29,29,Mar,3,CY2014-Mar,2014,CY2014,5,FY2014-Mar,2014,FY2014,13
30-Mar-14,30,30,Mar,3,CY2014-Mar,2014,CY2014,5,FY2014-Mar,2014,FY2014,13
31-Mar-14,31,31,Mar,3,CY2014-Mar,2014,CY2014,5,FY2014-Mar,2014,FY2014,14
1-Apr-14,1,1,Apr,4,CY2014-Apr,2014,CY2014,6,FY2014-Apr,2014,FY2014,14
2-Apr-14,2,2,Apr,4,CY2014-Apr,2014,CY2014,6,FY2014-Apr,2014,FY2014,14
3-Apr-14,3,3,Apr,4,CY2014-Apr,2014,CY2014,6,FY2014-Apr,2014,FY2014,14
4-Apr-14,4,4,Apr,4,CY2014-Apr,2014,CY2014,6,FY2014-Apr,2014,FY2014,14
5-Apr-14,5,5,Apr,4,CY2014-Apr,2014,CY2014,6,FY2014-Apr,2014,FY2014,14
6-Apr-14,6,6,Apr,4,CY2014-Apr,2014,CY2014,6,FY2014-Apr,2014,FY2014,14
7-Apr-14,7,7,Apr,4,CY2014-Apr,2014,CY2014,6,FY2014-Apr,2014,FY2014,15
8-Apr-14,8,8,Apr,4,CY2014-Apr,2014,CY2014,6,FY2014-Apr,2014,FY2014,15
9-Apr-14,9,9,Apr,4,CY2014-Apr,2014,CY2014,6,FY2014-Apr,2014,FY2014,15
10-Apr-14,10,10,Apr,4,CY2014-Apr,2014,CY2014,6,FY2014-Apr,2014,FY2014,15
11-Apr-14,11,11,Apr,4,CY2014-Apr,2014,CY2014,6,FY2014-Apr,2014,FY2014,15
12-Apr-14,12,12,Apr,4,CY2014-Apr,2014,CY2014,6,FY2014-Apr,2014,FY2014,15
13-Apr-14,13,13,Apr,4,CY2014-Apr,2014,CY2014,6,FY2014-Apr,2014,FY2014,15
14-Apr-14,14,14,Apr,4,CY2014-Apr,2014,CY2014,6,FY2014-Apr,2014,FY2014,16
15-Apr-14,15,15,Apr,4,CY2014-Apr,2014,CY2014,6,FY2014-Apr,2014,FY2014,16
16-Apr-14,16,16,Apr,4,CY2014-Apr,2014,CY2014,6,FY2014-Apr,2014,FY2014,16
17-Apr-14,17,17,Apr,4,CY2014-Apr,2014,CY2014,6,FY2014-Apr,2014,FY2014,16
18-Apr-14,18,18,Apr,4,CY2014-Apr,2014,CY2014,6,FY2014-Apr,2014,FY2014,16
19-Apr-14,19,19,Apr,4,CY2014-Apr,2014,CY2014,6,FY2014-Apr,2014,FY2014,16
20-Apr-14,20,20,Apr,4,CY2014-Apr,2014,CY2014,6,FY2014-Apr,2014,FY2014,16
21-Apr-14,21,21,Apr,4,CY2014-Apr,2014,CY2014,6,FY2014-Apr,2014,FY2014,17
22-Apr-14,22,22,Apr,4,CY2014-Apr,2014,CY2014,6,FY2014-Apr,2014,FY2014,17
23-Apr-14,23,23,Apr,4,CY2014-Apr,2014,CY2014,6,FY2014-Apr,2014,FY2014,17
24-Apr-14,24,24,Apr,4,CY2014-Apr,2014,CY2014,6,FY2014-Apr,2014,FY2014,17
25-Apr-14,25,25,Apr,4,CY2014-Apr,2014,CY2014,6,FY2014-Apr,2014,FY2014,17
26-Apr-14,26,26,Apr,4,CY2014-Apr,2014,CY2014,6,FY2014-Apr,2014,FY2014,17
27-Apr-14,27,27,Apr,4,CY2014-Apr,2014,CY2014,6,FY2014-Apr,2014,FY2014,17
28-Apr-14,28,28,Apr,4,CY2014-Apr,2014,CY2014,6,FY2014-Apr,2014,FY2014,18
29-Apr-14,29,29,Apr,4,CY2014-Apr,2014,CY2014,6,FY2014-Apr,2014,FY2014,18
30-Apr-14,30,30,Apr,4,CY2014-Apr,2014,CY2014,6,FY2014-Apr,2014,FY2014,18
1-May-14,1,1,May,5,CY2014-May,2014,CY2014,7,FY2014-May,2014,FY2014,18
2-May-14,2,2,May,5,CY2014-May,2014,CY2014,7,FY2014-May,2014,FY2014,18
3-May-14,3,3,May,5,CY2014-May,2014,CY2014,7,FY2014-May,2014,FY2014,18
4-May-14,4,4,May,5,CY2014-May,2014,CY2014,7,FY2014-May,2014,FY2014,18
5-May-14,5,5,May,5,CY2014-May,2014,CY2014,7,FY2014-May,2014,FY2014,19
6-May-14,6,6,May,5,CY2014-May,2014,CY2014,7,FY2014-May,2014,FY2014,19
7-May-14,7,7,May,5,CY2014-May,2014,CY2014,7,FY2014-May,2014,FY2014,19
8-May-14,8,8,May,5,CY2014-May,2014,CY2014,7,FY2014-May,2014,FY2014,19
9-May-14,9,9,May,5,CY2014-May,2014,CY2014,7,FY2014-May,2014,FY2014,19
10-May-14,10,10,May,5,CY2014-May,2014,CY2014,7,FY2014-May,2014,FY2014,19
11-May-14,11,11,May,5,CY2014-May,2014,CY2014,7,FY2014-May,2014,FY2014,19
12-May-14,12,12,May,5,CY2014-May,2014,CY2014,7,FY2014-May,2014,FY2014,20
13-May-14,13,13,May,5,CY2014-May,2014,CY2014,7,FY2014-May,2014,FY2014,20
14-May-14,14,14,May,5,CY2014-May,2014,CY2014,7,FY2014-May,2014,FY2014,20
15-May-14,15,15,May,5,CY2014-May,2014,CY2014,7,FY2014-May,2014,FY2014,20
16-May-14,16,16,May,5,CY2014-May,2014,CY2014,7,FY2014-May,2014,FY2014,20
17-May-14,17,17,May,5,CY2014-May,2014,CY2014,7,FY2014-May,2014,FY2014,20
18-May-14,18,18,May,5,CY2014-May,2014,CY2014,7,FY2014-May,2014,FY2014,20
19-May-14,19,19,May,5,CY2014-May,2014,CY2014,7,FY2014-May,2014,FY2014,21
20-May-14,20,20,May,5,CY2014-May,2014,CY2014,7,FY2014-May,2014,FY2014,21
21-May-14,21,21,May,5,CY2014-May,2014,CY2014,7,FY2014-May,2014,FY2014,21
22-May-14,22,22,May,5,CY2014-May,2014,CY2014,7,FY2014-May,2014,FY2014,21
23-May-14,23,23,May,5,CY2014-May,2014,CY2014,7,FY2014-May,2014,FY2014,21
24-May-14,24,24,May,5,CY2014-May,2014,CY2014,7,FY2014-May,2014,FY2014,21
25-May-14,25,25,May,5,CY2014-May,2014,CY2014,7,FY2014-May,2014,FY2014,21
26-May-14,26,26,May,5,CY2014-May,2014,CY2014,7,FY2014-May,2014,FY2014,22
27-May-14,27,27,May,5,CY2014-May,2014,CY2014,7,FY2014-May,2014,FY2014,22
28-May-14,28,28,May,5,CY2014-May,2014,CY2014,7,FY2014-May,2014,FY2014,22
29-May-14,29,29,May,5,CY2014-May,2014,CY2014,7,FY2014-May,2014,FY2014,22
30-May-14,30,30,May,5,CY2014-May,2014,CY2014,7,FY2014-May,2014,FY2014,22
31-May-14,31,31,May,5,CY2014-May,2014,CY2014,7,FY2014-May,2014,FY2014,22
1-Jun-14,1,1,Jun,6,CY2014-Jun,2014,CY2014,8,FY2014-Jun,2014,FY2014,22
2-Jun-14,2,2,Jun,6,CY2014-Jun,2014,CY2014,8,FY2014-Jun,2014,FY2014,23
3-Jun-14,3,3,Jun,6,CY2014-Jun,2014,CY2014,8,FY2014-Jun,2014,FY2014,23
4-Jun-14,4,4,Jun,6,CY2014-Jun,2014,CY2014,8,FY2014-Jun,2014,FY2014,23
5-Jun-14,5,5,Jun,6,CY2014-Jun,2014,CY2014,8,FY2014-Jun,2014,FY2014,23
6-Jun-14,6,6,Jun,6,CY2014-Jun,2014,CY2014,8,FY2014-Jun,2014,FY2014,23
7-Jun-14,7,7,Jun,6,CY2014-Jun,2014,CY2014,8,FY2014-Jun,2014,FY2014,23
8-Jun-14,8,8,Jun,6,CY2014-Jun,2014,CY2014,8,FY2014-Jun,2014,FY2014,23
9-Jun-14,9,9,Jun,6,CY2014-Jun,2014,CY2014,8,FY2014-Jun,2014,FY2014,24
10-Jun-14,10,10,Jun,6,CY2014-Jun,2014,CY2014,8,FY2014-Jun,2014,FY2014,24
11-Jun-14,11,11,Jun,6,CY2014-Jun,2014,CY2014,8,FY2014-Jun,2014,FY2014,24
12-Jun-14,12,12,Jun,6,CY2014-Jun,2014,CY2014,8,FY2014-Jun,2014,FY2014,24
13-Jun-14,13,13,Jun,6,CY2014-Jun,2014,CY2014,8,FY2014-Jun,2014,FY2014,24
14-Jun-14,14,14,Jun,6,CY2014-Jun,2014,CY2014,8,FY2014-Jun,2014,FY2014,24
15-Jun-14,15,15,Jun,6,CY2014-Jun,2014,CY2014,8,FY2014-Jun,2014,FY2014,24
16-Jun-14,16,16,Jun,6,CY2014-Jun,2014,CY2014,8,FY2014-Jun,2014,FY2014,25
17-Jun-14,17,17,Jun,6,CY2014-Jun,2014,CY2014,8,FY2014-Jun,2014,FY2014,25
18-Jun-14,18,18,Jun,6,CY2014-Jun,2014,CY2014,8,FY2014-Jun,2014,FY2014,25
19-Jun-14,19,19,Jun,6,CY2014-Jun,2014,CY2014,8,FY2014-Jun,2014,FY2014,25
20-Jun-14,20,20,Jun,6,CY2014-Jun,2014,CY2014,8,FY2014-Jun,2014,FY2014,25
21-Jun-14,21,21,Jun,6,CY2014-Jun,2014,CY2014,8,FY2014-Jun,2014,FY2014,25
22-Jun-14,22,22,Jun,6,CY2014-Jun,2014,CY2014,8,FY2014-Jun,2014,FY2014,25
23-Jun-14,23,23,Jun,6,CY2014-Jun,2014,CY2014,8,FY2014-Jun,2014,FY2014,26
24-Jun-14,24,24,Jun,6,CY2014-Jun,2014,CY2014,8,FY2014-Jun,2014,FY2014,26
25-Jun-14,25,25,Jun,6,CY2014-Jun,2014,CY2014,8,FY2014-Jun,2014,FY2014,26
26-Jun-14,26,26,Jun,6,CY2014-Jun,2014,CY2014,8,FY2014-Jun,2014,FY2014,26
27-Jun-14,27,27,Jun,6,CY2014-Jun,2014,CY2014,8,FY2014-Jun,2014,FY2014,26
28-Jun-14,28,28,Jun,6,CY2014-Jun,2014,CY2014,8,FY2014-Jun,2014,FY2014,26
29-Jun-14,29,29,Jun,6,CY2014-Jun,2014,CY2014,8,FY2014-Jun,2014,FY2014,26
30-Jun-14,30,30,Jun,6,CY2014-Jun,2014,CY2014,8,FY2014-Jun,2014,FY2014,27
1-Jul-14,1,1,Jul,7,CY2014-Jul,2014,CY2014,9,FY2014-Jul,2014,FY2014,27
2-Jul-14,2,2,Jul,7,CY2014-Jul,2014,CY2014,9,FY2014-Jul,2014,FY2014,27
3-Jul-14,3,3,Jul,7,CY2014-Jul,2014,CY2014,9,FY2014-Jul,2014,FY2014,27
4-Jul-14,4,4,Jul,7,CY2014-Jul,2014,CY2014,9,FY2014-Jul,2014,FY2014,27
5-Jul-14,5,5,Jul,7,CY2014-Jul,2014,CY2014,9,FY2014-Jul,2014,FY2014,27
6-Jul-14,6,6,Jul,7,CY2014-Jul,2014,CY2014,9,FY2014-Jul,2014,FY2014,27
7-Jul-14,7,7,Jul,7,CY2014-Jul,2014,CY2014,9,FY2014-Jul,2014,FY2014,28
8-Jul-14,8,8,Jul,7,CY2014-Jul,2014,CY2014,9,FY2014-Jul,2014,FY2014,28
9-Jul-14,9,9,Jul,7,CY2014-Jul,2014,CY2014,9,FY2014-Jul,2014,FY2014,28
10-Jul-14,10,10,Jul,7,CY2014-Jul,2014,CY2014,9,FY2014-Jul,2014,FY2014,28
11-Jul-14,11,11,Jul,7,CY2014-Jul,2014,CY2014,9,FY2014-Jul,2014,FY2014,28
12-Jul-14,12,12,Jul,7,CY2014-Jul,2014,CY2014,9,FY2014-Jul,2014,FY2014,28
13-Jul-14,13,13,Jul,7,CY2014-Jul,2014,CY2014,9,FY2014-Jul,2014,FY2014,28
14-Jul-14,14,14,Jul,7,CY2014-Jul,2014,CY2014,9,FY2014-Jul,2014,FY2014,29
15-Jul-14,15,15,Jul,7,CY2014-Jul,2014,CY2014,9,FY2014-Jul,2014,FY2014,29
16-Jul-14,16,16,Jul,7,CY2014-Jul,2014,CY2014,9,FY2014-Jul,2014,FY2014,29
17-Jul-14,17,17,Jul,7,CY2014-Jul,2014,CY2014,9,FY2014-Jul,2014,FY2014,29
18-Jul-14,18,18,Jul,7,CY2014-Jul,2014,CY2014,9,FY2014-Jul,2014,FY2014,29
19-Jul-14,19,19,Jul,7,CY2014-Jul,2014,CY2014,9,FY2014-Jul,2014,FY2014,29
20-Jul-14,20,20,Jul,7,CY2014-Jul,2014,CY2014,9,FY2014-Jul,2014,FY2014,29
21-Jul-14,21,21,Jul,7,CY2014-Jul,2014,CY2014,9,FY2014-Jul,2014,FY2014,30
22-Jul-14,22,22,Jul,7,CY2014-Jul,2014,CY2014,9,FY2014-Jul,2014,FY2014,30
23-Jul-14,23,23,Jul,7,CY2014-Jul,2014,CY2014,9,FY2014-Jul,2014,FY2014,30
24-Jul-14,24,24,Jul,7,CY2014-Jul,2014,CY2014,9,FY2014-Jul,2014,FY2014,30
25-Jul-14,25,25,Jul,7,CY2014-Jul,2014,CY2014,9,FY2014-Jul,2014,FY2014,30
26-Jul-14,26,26,Jul,7,CY2014-Jul,2014,CY2014,9,FY2014-Jul,2014,FY2014,30
27-Jul-14,27,27,Jul,7,CY2014-Jul,2014,CY2014,9,FY2014-Jul,2014,FY2014,30
28-Jul-14,28,28,Jul,7,CY2014-Jul,2014,CY2014,9,FY2014-Jul,2014,FY2014,31
29-Jul-14,29,29,Jul,7,CY2014-Jul,2014,CY2014,9,FY2014-Jul,2014,FY2014,31
30-Jul-14,30,30,Jul,7,CY2014-Jul,2014,CY2014,9,FY2014-Jul,2014,FY2014,31
31-Jul-14,31,31,Jul,7,CY2014-Jul,2014,CY2014,9,FY2014-Jul,2014,FY2014,31
1-Aug-14,1,1,Aug,8,CY2014-Aug,2014,CY2014,10,FY2014-Aug,2014,FY2014,31
2-Aug-14,2,2,Aug,8,CY2014-Aug,2014,CY2014,10,FY2014-Aug,2014,FY2014,31
3-Aug-14,3,3,Aug,8,CY2014-Aug,2014,CY2014,10,FY2014-Aug,2014,FY2014,31
4-Aug-14,4,4,Aug,8,CY2014-Aug,2014,CY2014,10,FY2014-Aug,2014,FY2014,32
5-Aug-14,5,5,Aug,8,CY2014-Aug,2014,CY2014,10,FY2014-Aug,2014,FY2014,32
6-Aug-14,6,6,Aug,8,CY2014-Aug,2014,CY2014,10,FY2014-Aug,2014,FY2014,32
7-Aug-14,7,7,Aug,8,CY2014-Aug,2014,CY2014,10,FY2014-Aug,2014,FY2014,32
8-Aug-14,8,8,Aug,8,CY2014-Aug,2014,CY2014,10,FY2014-Aug,2014,FY2014,32
9-Aug-14,9,9,Aug,8,CY2014-Aug,2014,CY2014,10,FY2014-Aug,2014,FY2014,32
10-Aug-14,10,10,Aug,8,CY2014-Aug,2014,CY2014,10,FY2014-Aug,2014,FY2014,32
11-Aug-14,11,11,Aug,8,CY2014-Aug,2014,CY2014,10,FY2014-Aug,2014,FY2014,33
12-Aug-14,12,12,Aug,8,CY2014-Aug,2014,CY2014,10,FY2014-Aug,2014,FY2014,33
13-Aug-14,13,13,Aug,8,CY2014-Aug,2014,CY2014,10,FY2014-Aug,2014,FY2014,33
14-Aug-14,14,14,Aug,8,CY2014-Aug,2014,CY2014,10,FY2014-Aug,2014,FY2014,33
15-Aug-14,15,15,Aug,8,CY2014-Aug,2014,CY2014,10,FY2014-Aug,2014,FY2014,33
16-Aug-14,16,16,Aug,8,CY2014-Aug,2014,CY2014,10,FY2014-Aug,2014,FY2014,33
17-Aug-14,17,17,Aug,8,CY2014-Aug,2014,CY2014,10,FY2014-Aug,2014,FY2014,33
18-Aug-14,18,18,Aug,8,CY2014-Aug,2014,CY2014,10,FY2014-Aug,2014,FY2014,34
19-Aug-14,19,19,Aug,8,CY2014-Aug,2014,CY2014,10,FY2014-Aug,2014,FY2014,34
20-Aug-14,20,20,Aug,8,CY2014-Aug,2014,CY2014,10,FY2014-Aug,2014,FY2014,34
21-Aug-14,21,21,Aug,8,CY2014-Aug,2014,CY2014,10,FY2014-Aug,2014,FY2014,34
22-Aug-14,22,22,Aug,8,CY2014-Aug,2014,CY2014,10,FY2014-Aug,2014,FY2014,34
23-Aug-14,23,23,Aug,8,CY2014-Aug,2014,CY2014,10,FY2014-Aug,2014,FY2014,34
24-Aug-14,24,24,Aug,8,CY2014-Aug,2014,CY2014,10,FY2014-Aug,2014,FY2014,34
25-Aug-14,25,25,Aug,8,CY2014-Aug,2014,CY2014,10,FY2014-Aug,2014,FY2014,35
26-Aug-14,26,26,Aug,8,CY2014-Aug,2014,CY2014,10,FY2014-Aug,2014,FY2014,35
27-Aug-14,27,27,Aug,8,CY2014-Aug,2014,CY2014,10,FY2014-Aug,2014,FY2014,35
28-Aug-14,28,28,Aug,8,CY2014-Aug,2014,CY2014,10,FY2014-Aug,2014,FY2014,35
29-Aug-14,29,29,Aug,8,CY2014-Aug,2014,CY2014,10,FY2014-Aug,2014,FY2014,35
30-Aug-14,30,30,Aug,8,CY2014-Aug,2014,CY2014,10,FY2014-Aug,2014,FY2014,35
31-Aug-14,31,31,Aug,8,CY2014-Aug,2014,CY2014,10,FY2014-Aug,2014,FY2014,35
1-Sep-14,1,1,Sep,9,CY2014-Sep,2014,CY2014,11,FY2014-Sep,2014,FY2014,36
2-Sep-14,2,2,Sep,9,CY2014-Sep,2014,CY2014,11,FY2014-Sep,2014,FY2014,36
3-Sep-14,3,3,Sep,9,CY2014-Sep,2014,CY2014,11,FY2014-Sep,2014,FY2014,36
4-Sep-14,4,4,Sep,9,CY2014-Sep,2014,CY2014,11,FY2014-Sep,2014,FY2014,36
5-Sep-14,5,5,Sep,9,CY2014-Sep,2014,CY2014,11,FY2014-Sep,2014,FY2014,36
6-Sep-14,6,6,Sep,9,CY2014-Sep,2014,CY2014,11,FY2014-Sep,2014,FY2014,36
7-Sep-14,7,7,Sep,9,CY2014-Sep,2014,CY2014,11,FY2014-Sep,2014,FY2014,36
8-Sep-14,8,8,Sep,9,CY2014-Sep,2014,CY2014,11,FY2014-Sep,2014,FY2014,37
9-Sep-14,9,9,Sep,9,CY2014-Sep,2014,CY2014,11,FY2014-Sep,2014,FY2014,37
10-Sep-14,10,10,Sep,9,CY2014-Sep,2014,CY2014,11,FY2014-Sep,2014,FY2014,37
11-Sep-14,11,11,Sep,9,CY2014-Sep,2014,CY2014,11,FY2014-Sep,2014,FY2014,37
12-Sep-14,12,12,Sep,9,CY2014-Sep,2014,CY2014,11,FY2014-Sep,2014,FY2014,37
13-Sep-14,13,13,Sep,9,CY2014-Sep,2014,CY2014,11,FY2014-Sep,2014,FY2014,37
14-Sep-14,14,14,Sep,9,CY2014-Sep,2014,CY2014,11,FY2014-Sep,2014,FY2014,37
15-Sep-14,15,15,Sep,9,CY2014-Sep,2014,CY2014,11,FY2014-Sep,2014,FY2014,38
16-Sep-14,16,16,Sep,9,CY2014-Sep,2014,CY2014,11,FY2014-Sep,2014,FY2014,38
17-Sep-14,17,17,Sep,9,CY2014-Sep,2014,CY2014,11,FY2014-Sep,2014,FY2014,38
18-Sep-14,18,18,Sep,9,CY2014-Sep,2014,CY2014,11,FY2014-Sep,2014,FY2014,38
19-Sep-14,19,19,Sep,9,CY2014-Sep,2014,CY2014,11,FY2014-Sep,2014,FY2014,38
20-Sep-14,20,20,Sep,9,CY2014-Sep,2014,CY2014,11,FY2014-Sep,2014,FY2014,38
21-Sep-14,21,21,Sep,9,CY2014-Sep,2014,CY2014,11,FY2014-Sep,2014,FY2014,38
22-Sep-14,22,22,Sep,9,CY2014-Sep,2014,CY2014,11,FY2014-Sep,2014,FY2014,39
23-Sep-14,23,23,Sep,9,CY2014-Sep,2014,CY2014,11,FY2014-Sep,2014,FY2014,39
24-Sep-14,24,24,Sep,9,CY2014-Sep,2014,CY2014,11,FY2014-Sep,2014,FY2014,39
25-Sep-14,25,25,Sep,9,CY2014-Sep,2014,CY2014,11,FY2014-Sep,2014,FY2014,39
26-Sep-14,26,26,Sep,9,CY2014-Sep,2014,CY2014,11,FY2014-Sep,2014,FY2014,39
27-Sep-14,27,27,Sep,9,CY2014-Sep,2014,CY2014,11,FY2014-Sep,2014,FY2014,39
28-Sep-14,28,28,Sep,9,CY2014-Sep,2014,CY2014,11,FY2014-Sep,2014,FY2014,39
29-Sep-14,29,29,Sep,9,CY2014-Sep,2014,CY2014,11,FY2014-Sep,2014,FY2014,40
30-Sep-14,30,30,Sep,9,CY2014-Sep,2014,CY2014,11,FY2014-Sep,2014,FY2014,40
1-Oct-14,1,1,Oct,10,CY2014-Oct,2014,CY2014,12,FY2014-Oct,2014,FY2014,40
2-Oct-14,2,2,Oct,10,CY2014-Oct,2014,CY2014,12,FY2014-Oct,2014,FY2014,40
3-Oct-14,3,3,Oct,10,CY2014-Oct,2014,CY2014,12,FY2014-Oct,2014,FY2014,40
4-Oct-14,4,4,Oct,10,CY2014-Oct,2014,CY2014,12,FY2014-Oct,2014,FY2014,40
5-Oct-14,5,5,Oct,10,CY2014-Oct,2014,CY2014,12,FY2014-Oct,2014,FY2014,40
6-Oct-14,6,6,Oct,10,CY2014-Oct,2014,CY2014,12,FY2014-Oct,2014,FY2014,41
7-Oct-14,7,7,Oct,10,CY2014-Oct,2014,CY2014,12,FY2014-Oct,2014,FY2014,41
8-Oct-14,8,8,Oct,10,CY2014-Oct,2014,CY2014,12,FY2014-Oct,2014,FY2014,41
9-Oct-14,9,9,Oct,10,CY2014-Oct,2014,CY2014,12,FY2014-Oct,2014,FY2014,41
10-Oct-14,10,10,Oct,10,CY2014-Oct,2014,CY2014,12,FY2014-Oct,2014,FY2014,41
11-Oct-14,11,11,Oct,10,CY2014-Oct,2014,CY2014,12,FY2014-Oct,2014,FY2014,41
12-Oct-14,12,12,Oct,10,CY2014-Oct,2014,CY2014,12,FY2014-Oct,2014,FY2014,41
13-Oct-14,13,13,Oct,10,CY2014-Oct,2014,CY2014,12,FY2014-Oct,2014,FY2014,42
14-Oct-14,14,14,Oct,10,CY2014-Oct,2014,CY2014,12,FY2014-Oct,2014,FY2014,42
15-Oct-14,15,15,Oct,10,CY2014-Oct,2014,CY2014,12,FY2014-Oct,2014,FY2014,42
16-Oct-14,16,16,Oct,10,CY2014-Oct,2014,CY2014,12,FY2014-Oct,2014,FY2014,42
17-Oct-14,17,17,Oct,10,CY2014-Oct,2014,CY2014,12,FY2014-Oct,2014,FY2014,42
18-Oct-14,18,18,Oct,10,CY2014-Oct,2014,CY2014,12,FY2014-Oct,2014,FY2014,42
19-Oct-14,19,19,Oct,10,CY2014-Oct,2014,CY2014,12,FY2014-Oct,2014,FY2014,42
20-Oct-14,20,20,Oct,10,CY2014-Oct,2014,CY2014,12,FY2014-Oct,2014,FY2014,43
21-Oct-14,21,21,Oct,10,CY2014-Oct,2014,CY2014,12,FY2014-Oct,2014,FY2014,43
22-Oct-14,22,22,Oct,10,CY2014-Oct,2014,CY2014,12,FY2014-Oct,2014,FY2014,43
23-Oct-14,23,23,Oct,10,CY2014-Oct,2014,CY2014,12,FY2014-Oct,2014,FY2014,43
24-Oct-14,24,24,Oct,10,CY2014-Oct,2014,CY2014,12,FY2014-Oct,2014,FY2014,43
25-Oct-14,25,25,Oct,10,CY2014-Oct,2014,CY2014,12,FY2014-Oct,2014,FY2014,43
26-Oct-14,26,26,Oct,10,CY2014-Oct,2014,CY2014,12,FY2014-Oct,2014,FY2014,43
27-Oct-14,27,27,Oct,10,CY2014-Oct,2014,CY2014,12,FY2014-Oct,2014,FY2014,44
28-Oct-14,28,28,Oct,10,CY2014-Oct,2014,CY2014,12,FY2014-Oct,2014,FY2014,44
29-Oct-14,29,29,Oct,10,CY2014-Oct,2014,CY2014,12,FY2014-Oct,2014,FY2014,44
30-Oct-14,30,30,Oct,10,CY2014-Oct,2014,CY2014,12,FY2014-Oct,2014,FY2014,44
31-Oct-14,31,31,Oct,10,CY2014-Oct,2014,CY2014,12,FY2014-Oct,2014,FY2014,44
1-Jan-15,1,1,Jan,1,CY2015-Jan,2015,CY2015,3,FY2015-Jan,2015,FY2015,1
2-Jan-15,2,2,Jan,1,CY2015-Jan,2015,CY2015,3,FY2015-Jan,2015,FY2015,1
3-Jan-15,3,3,Jan,1,CY2015-Jan,2015,CY2015,3,FY2015-Jan,2015,FY2015,1
4-Jan-15,4,4,Jan,1,CY2015-Jan,2015,CY2015,3,FY2015-Jan,2015,FY2015,1
5-Jan-15,5,5,Jan,1,CY2015-Jan,2015,CY2015,3,FY2015-Jan,2015,FY2015,2
6-Jan-15,6,6,Jan,1,CY2015-Jan,2015,CY2015,3,FY2015-Jan,2015,FY2015,2
7-Jan-15,7,7,Jan,1,CY2015-Jan,2015,CY2015,3,FY2015-Jan,2015,FY2015,2
8-Jan-15,8,8,Jan,1,CY2015-Jan,2015,CY2015,3,FY2015-Jan,2015,FY2015,2
9-Jan-15,9,9,Jan,1,CY2015-Jan,2015,CY2015,3,FY2015-Jan,2015,FY2015,2
10-Jan-15,10,10,Jan,1,CY2015-Jan,2015,CY2015,3,FY2015-Jan,2015,FY2015,2
11-Jan-15,11,11,Jan,1,CY2015-Jan,2015,CY2015,3,FY2015-Jan,2015,FY2015,2
12-Jan-15,12,12,Jan,1,CY2015-Jan,2015,CY2015,3,FY2015-Jan,2015,FY2015,3
13-Jan-15,13,13,Jan,1,CY2015-Jan,2015,CY2015,3,FY2015-Jan,2015,FY2015,3
14-Jan-15,14,14,Jan,1,CY2015-Jan,2015,CY2015,3,FY2015-Jan,2015,FY2015,3
15-Jan-15,15,15,Jan,1,CY2015-Jan,2015,CY2015,3,FY2015-Jan,2015,FY2015,3
16-Jan-15,16,16,Jan,1,CY2015-Jan,2015,CY2015,3,FY2015-Jan,2015,FY2015,3
17-Jan-15,17,17,Jan,1,CY2015-Jan,2015,CY2015,3,FY2015-Jan,2015,FY2015,3
18-Jan-15,18,18,Jan,1,CY2015-Jan,2015,CY2015,3,FY2015-Jan,2015,FY2015,3
19-Jan-15,19,19,Jan,1,CY2015-Jan,2015,CY2015,3,FY2015-Jan,2015,FY2015,4
20-Jan-15,20,20,Jan,1,CY2015-Jan,2015,CY2015,3,FY2015-Jan,2015,FY2015,4
21-Jan-15,21,21,Jan,1,CY2015-Jan,2015,CY2015,3,FY2015-Jan,2015,FY2015,4
22-Jan-15,22,22,Jan,1,CY2015-Jan,2015,CY2015,3,FY2015-Jan,2015,FY2015,4
23-Jan-15,23,23,Jan,1,CY2015-Jan,2015,CY2015,3,FY2015-Jan,2015,FY2015,4
24-Jan-15,24,24,Jan,1,CY2015-Jan,2015,CY2015,3,FY2015-Jan,2015,FY2015,4
25-Jan-15,25,25,Jan,1,CY2015-Jan,2015,CY2015,3,FY2015-Jan,2015,FY2015,4
26-Jan-15,26,26,Jan,1,CY2015-Jan,2015,CY2015,3,FY2015-Jan,2015,FY2015,5
27-Jan-15,27,27,Jan,1,CY2015-Jan,2015,CY2015,3,FY2015-Jan,2015,FY2015,5
28-Jan-15,28,28,Jan,1,CY2015-Jan,2015,CY2015,3,FY2015-Jan,2015,FY2015,5
29-Jan-15,29,29,Jan,1,CY2015-Jan,2015,CY2015,3,FY2015-Jan,2015,FY2015,5
30-Jan-15,30,30,Jan,1,CY2015-Jan,2015,CY2015,3,FY2015-Jan,2015,FY2015,5
31-Jan-15,31,31,Jan,1,CY2015-Jan,2015,CY2015,3,FY2015-Jan,2015,FY2015,5
1-Feb-15,1,1,Feb,2,CY2015-Feb,2015,CY2015,4,FY2015-Feb,2015,FY2015,5
2-Feb-15,2,2,Feb,2,CY2015-Feb,2015,CY2015,4,FY2015-Feb,2015,FY2015,6
3-Feb-15,3,3,Feb,2,CY2015-Feb,2015,CY2015,4,FY2015-Feb,2015,FY2015,6
4-Feb-15,4,4,Feb,2,CY2015-Feb,2015,CY2015,4,FY2015-Feb,2015,FY2015,6
5-Feb-15,5,5,Feb,2,CY2015-Feb,2015,CY2015,4,FY2015-Feb,2015,FY2015,6
6-Feb-15,6,6,Feb,2,CY2015-Feb,2015,CY2015,4,FY2015-Feb,2015,FY2015,6
7-Feb-15,7,7,Feb,2,CY2015-Feb,2015,CY2015,4,FY2015-Feb,2015,FY2015,6
8-Feb-15,8,8,Feb,2,CY2015-Feb,2015,CY2015,4,FY2015-Feb,2015,FY2015,6
9-Feb-15,9,9,Feb,2,CY2015-Feb,2015,CY2015,4,FY2015-Feb,2015,FY2015,7
10-Feb-15,10,10,Feb,2,CY2015-Feb,2015,CY2015,4,FY2015-Feb,2015,FY2015,7
11-Feb-15,11,11,Feb,2,CY2015-Feb,2015,CY2015,4,FY2015-Feb,2015,FY2015,7
12-Feb-15,12,12,Feb,2,CY2015-Feb,2015,CY2015,4,FY2015-Feb,2015,FY2015,7
13-Feb-15,13,13,Feb,2,CY2015-Feb,2015,CY2015,4,FY2015-Feb,2015,FY2015,7
14-Feb-15,14,14,Feb,2,CY2015-Feb,2015,CY2015,4,FY2015-Feb,2015,FY2015,7
15-Feb-15,15,15,Feb,2,CY2015-Feb,2015,CY2015,4,FY2015-Feb,2015,FY2015,7
16-Feb-15,16,16,Feb,2,CY2015-Feb,2015,CY2015,4,FY2015-Feb,2015,FY2015,8
17-Feb-15,17,17,Feb,2,CY2015-Feb,2015,CY2015,4,FY2015-Feb,2015,FY2015,8
18-Feb-15,18,18,Feb,2,CY2015-Feb,2015,CY2015,4,FY2015-Feb,2015,FY2015,8
19-Feb-15,19,19,Feb,2,CY2015-Feb,2015,CY2015,4,FY2015-Feb,2015,FY2015,8
20-Feb-15,20,20,Feb,2,CY2015-Feb,2015,CY2015,4,FY2015-Feb,2015,FY2015,8
21-Feb-15,21,21,Feb,2,CY2015-Feb,2015,CY2015,4,FY2015-Feb,2015,FY2015,8
22-Feb-15,22,22,Feb,2,CY2015-Feb,2015,CY2015,4,FY2015-Feb,2015,FY2015,8
23-Feb-15,23,23,Feb,2,CY2015-Feb,2015,CY2015,4,FY2015-Feb,2015,FY2015,9
24-Feb-15,24,24,Feb,2,CY2015-Feb,2015,CY2015,4,FY2015-Feb,2015,FY2015,9
25-Feb-15,25,25,Feb,2,CY2015-Feb,2015,CY2015,4,FY2015-Feb,2015,FY2015,9
26-Feb-15,26,26,Feb,2,CY2015-Feb,2015,CY2015,4,FY2015-Feb,2015,FY2015,9
27-Feb-15,27,27,Feb,2,CY2015-Feb,2015,CY2015,4,FY2015-Feb,2015,FY2015,9
28-Feb-15,28,28,Feb,2,CY2015-Feb,2015,CY2015,4,FY2015-Feb,2015,FY2015,9
1-Mar-15,1,1,Mar,3,CY2015-Mar,2015,CY2015,5,FY2015-Mar,2015,FY2015,9
2-Mar-15,2,2,Mar,3,CY2015-Mar,2015,CY2015,5,FY2015-Mar,2015,FY2015,10
3-Mar-15,3,3,Mar,3,CY2015-Mar,2015,CY2015,5,FY2015-Mar,2015,FY2015,10
4-Mar-15,4,4,Mar,3,CY2015-Mar,2015,CY2015,5,FY2015-Mar,2015,FY2015,10
5-Mar-15,5,5,Mar,3,CY2015-Mar,2015,CY2015,5,FY2015-Mar,2015,FY2015,10
6-Mar-15,6,6,Mar,3,CY2015-Mar,2015,CY2015,5,FY2015-Mar,2015,FY2015,10
7-Mar-15,7,7,Mar,3,CY2015-Mar,2015,CY2015,5,FY2015-Mar,2015,FY2015,10
8-Mar-15,8,8,Mar,3,CY2015-Mar,2015,CY2015,5,FY2015-Mar,2015,FY2015,10
9-Mar-15,9,9,Mar,3,CY2015-Mar,2015,CY2015,5,FY2015-Mar,2015,FY2015,11
10-Mar-15,10,10,Mar,3,CY2015-Mar,2015,CY2015,5,FY2015-Mar,2015,FY2015,11
11-Mar-15,11,11,Mar,3,CY2015-Mar,2015,CY2015,5,FY2015-Mar,2015,FY2015,11
12-Mar-15,12,12,Mar,3,CY2015-Mar,2015,CY2015,5,FY2015-Mar,2015,FY2015,11
13-Mar-15,13,13,Mar,3,CY2015-Mar,2015,CY2015,5,FY2015-Mar,2015,FY2015,11
14-Mar-15,14,14,Mar,3,CY2015-Mar,2015,CY2015,5,FY2015-Mar,2015,FY2015,11
15-Mar-15,15,15,Mar,3,CY2015-Mar,2015,CY2015,5,FY2015-Mar,2015,FY2015,11
16-Mar-15,16,16,Mar,3,CY2015-Mar,2015,CY2015,5,FY2015-Mar,2015,FY2015,12
17-Mar-15,17,17,Mar,3,CY2015-Mar,2015,CY2015,5,FY2015-Mar,2015,FY2015,12
18-Mar-15,18,18,Mar,3,CY2015-Mar,2015,CY2015,5,FY2015-Mar,2015,FY2015,12
19-Mar-15,19,19,Mar,3,CY2015-Mar,2015,CY2015,5,FY2015-Mar,2015,FY2015,12
20-Mar-15,20,20,Mar,3,CY2015-Mar,2015,CY2015,5,FY2015-Mar,2015,FY2015,12
21-Mar-15,21,21,Mar,3,CY2015-Mar,2015,CY2015,5,FY2015-Mar,2015,FY2015,12
22-Mar-15,22,22,Mar,3,CY2015-Mar,2015,CY2015,5,FY2015-Mar,2015,FY2015,12
23-Mar-15,23,23,Mar,3,CY2015-Mar,2015,CY2015,5,FY2015-Mar,2015,FY2015,13
24-Mar-15,24,24,Mar,3,CY2015-Mar,2015,CY2015,5,FY2015-Mar,2015,FY2015,13
25-Mar-15,25,25,Mar,3,CY2015-Mar,2015,CY2015,5,FY2015-Mar,2015,FY2015,13
26-Mar-15,26,26,Mar,3,CY2015-Mar,2015,CY2015,5,FY2015-Mar,2015,FY2015,13
27-Mar-15,27,27,Mar,3,CY2015-Mar,2015,CY2015,5,FY2015-Mar,2015,FY2015,13
28-Mar-15,28,28,Mar,3,CY2015-Mar,2015,CY2015,5,FY2015-Mar,2015,FY2015,13
29-Mar-15,29,29,Mar,3,CY2015-Mar,2015,CY2015,5,FY2015-Mar,2015,FY2015,13
30-Mar-15,30,30,Mar,3,CY2015-Mar,2015,CY2015,5,FY2015-Mar,2015,FY2015,14
31-Mar-15,31,31,Mar,3,CY2015-Mar,2015,CY2015,5,FY2015-Mar,2015,FY2015,14
1-Apr-15,1,1,Apr,4,CY2015-Apr,2015,CY2015,6,FY2015-Apr,2015,FY2015,14
2-Apr-15,2,2,Apr,4,CY2015-Apr,2015,CY2015,6,FY2015-Apr,2015,FY2015,14
3-Apr-15,3,3,Apr,4,CY2015-Apr,2015,CY2015,6,FY2015-Apr,2015,FY2015,14
4-Apr-15,4,4,Apr,4,CY2015-Apr,2015,CY2015,6,FY2015-Apr,2015,FY2015,14
5-Apr-15,5,5,Apr,4,CY2015-Apr,2015,CY2015,6,FY2015-Apr,2015,FY2015,14
6-Apr-15,6,6,Apr,4,CY2015-Apr,2015,CY2015,6,FY2015-Apr,2015,FY2015,15
7-Apr-15,7,7,Apr,4,CY2015-Apr,2015,CY2015,6,FY2015-Apr,2015,FY2015,15
8-Apr-15,8,8,Apr,4,CY2015-Apr,2015,CY2015,6,FY2015-Apr,2015,FY2015,15
9-Apr-15,9,9,Apr,4,CY2015-Apr,2015,CY2015,6,FY2015-Apr,2015,FY2015,15
10-Apr-15,10,10,Apr,4,CY2015-Apr,2015,CY2015,6,FY2015-Apr,2015,FY2015,15
11-Apr-15,11,11,Apr,4,CY2015-Apr,2015,CY2015,6,FY2015-Apr,2015,FY2015,15
12-Apr-15,12,12,Apr,4,CY2015-Apr,2015,CY2015,6,FY2015-Apr,2015,FY2015,15
13-Apr-15,13,13,Apr,4,CY2015-Apr,2015,CY2015,6,FY2015-Apr,2015,FY2015,16
14-Apr-15,14,14,Apr,4,CY2015-Apr,2015,CY2015,6,FY2015-Apr,2015,FY2015,16
15-Apr-15,15,15,Apr,4,CY2015-Apr,2015,CY2015,6,FY2015-Apr,2015,FY2015,16
16-Apr-15,16,16,Apr,4,CY2015-Apr,2015,CY2015,6,FY2015-Apr,2015,FY2015,16
17-Apr-15,17,17,Apr,4,CY2015-Apr,2015,CY2015,6,FY2015-Apr,2015,FY2015,16
18-Apr-15,18,18,Apr,4,CY2015-Apr,2015,CY2015,6,FY2015-Apr,2015,FY2015,16
19-Apr-15,19,19,Apr,4,CY2015-Apr,2015,CY2015,6,FY2015-Apr,2015,FY2015,16
20-Apr-15,20,20,Apr,4,CY2015-Apr,2015,CY2015,6,FY2015-Apr,2015,FY2015,17
21-Apr-15,21,21,Apr,4,CY2015-Apr,2015,CY2015,6,FY2015-Apr,2015,FY2015,17
22-Apr-15,22,22,Apr,4,CY2015-Apr,2015,CY2015,6,FY2015-Apr,2015,FY2015,17
23-Apr-15,23,23,Apr,4,CY2015-Apr,2015,CY2015,6,FY2015-Apr,2015,FY2015,17
24-Apr-15,24,24,Apr,4,CY2015-Apr,2015,CY2015,6,FY2015-Apr,2015,FY2015,17
25-Apr-15,25,25,Apr,4,CY2015-Apr,2015,CY2015,6,FY2015-Apr,2015,FY2015,17
26-Apr-15,26,26,Apr,4,CY2015-Apr,2015,CY2015,6,FY2015-Apr,2015,FY2015,17
27-Apr-15,27,27,Apr,4,CY2015-Apr,2015,CY2015,6,FY2015-Apr,2015,FY2015,18
28-Apr-15,28,28,Apr,4,CY2015-Apr,2015,CY2015,6,FY2015-Apr,2015,FY2015,18
29-Apr-15,29,29,Apr,4,CY2015-Apr,2015,CY2015,6,FY2015-Apr,2015,FY2015,18
30-Apr-15,30,30,Apr,4,CY2015-Apr,2015,CY2015,6,FY2015-Apr,2015,FY2015,18
1-May-15,1,1,May,5,CY2015-May,2015,CY2015,7,FY2015-May,2015,FY2015,18
2-May-15,2,2,May,5,CY2015-May,2015,CY2015,7,FY2015-May,2015,FY2015,18
3-May-15,3,3,May,5,CY2015-May,2015,CY2015,7,FY2015-May,2015,FY2015,18
4-May-15,4,4,May,5,CY2015-May,2015,CY2015,7,FY2015-May,2015,FY2015,19
5-May-15,5,5,May,5,CY2015-May,2015,CY2015,7,FY2015-May,2015,FY2015,19
6-May-15,6,6,May,5,CY2015-May,2015,CY2015,7,FY2015-May,2015,FY2015,19
7-May-15,7,7,May,5,CY2015-May,2015,CY2015,7,FY2015-May,2015,FY2015,19
8-May-15,8,8,May,5,CY2015-May,2015,CY2015,7,FY2015-May,2015,FY2015,19
9-May-15,9,9,May,5,CY2015-May,2015,CY2015,7,FY2015-May,2015,FY2015,19
10-May-15,10,10,May,5,CY2015-May,2015,CY2015,7,FY2015-May,2015,FY2015,19
11-May-15,11,11,May,5,CY2015-May,2015,CY2015,7,FY2015-May,2015,FY2015,20
12-May-15,12,12,May,5,CY2015-May,2015,CY2015,7,FY2015-May,2015,FY2015,20
13-May-15,13,13,May,5,CY2015-May,2015,CY2015,7,FY2015-May,2015,FY2015,20
14-May-15,14,14,May,5,CY2015-May,2015,CY2015,7,FY2015-May,2015,FY2015,20
15-May-15,15,15,May,5,CY2015-May,2015,CY2015,7,FY2015-May,2015,FY2015,20
16-May-15,16,16,May,5,CY2015-May,2015,CY2015,7,FY2015-May,2015,FY2015,20
17-May-15,17,17,May,5,CY2015-May,2015,CY2015,7,FY2015-May,2015,FY2015,20
18-May-15,18,18,May,5,CY2015-May,2015,CY2015,7,FY2015-May,2015,FY2015,21
19-May-15,19,19,May,5,CY2015-May,2015,CY2015,7,FY2015-May,2015,FY2015,21
20-May-15,20,20,May,5,CY2015-May,2015,CY2015,7,FY2015-May,2015,FY2015,21
21-May-15,21,21,May,5,CY2015-May,2015,CY2015,7,FY2015-May,2015,FY2015,21
22-May-15,22,22,May,5,CY2015-May,2015,CY2015,7,FY2015-May,2015,FY2015,21
23-May-15,23,23,May,5,CY2015-May,2015,CY2015,7,FY2015-May,2015,FY2015,21
24-May-15,24,24,May,5,CY2015-May,2015,CY2015,7,FY2015-May,2015,FY2015,21
25-May-15,25,25,May,5,CY2015-May,2015,CY2015,7,FY2015-May,2015,FY2015,22
26-May-15,26,26,May,5,CY2015-May,2015,CY2015,7,FY2015-May,2015,FY2015,22
27-May-15,27,27,May,5,CY2015-May,2015,CY2015,7,FY2015-May,2015,FY2015,22
28-May-15,28,28,May,5,CY2015-May,2015,CY2015,7,FY2015-May,2015,FY2015,22
29-May-15,29,29,May,5,CY2015-May,2015,CY2015,7,FY2015-May,2015,FY2015,22
30-May-15,30,30,May,5,CY2015-May,2015,CY2015,7,FY2015-May,2015,FY2015,22
31-May-15,31,31,May,5,CY2015-May,2015,CY2015,7,FY2015-May,2015,FY2015,22
1-Jun-15,1,1,Jun,6,CY2015-Jun,2015,CY2015,8,FY2015-Jun,2015,FY2015,23
2-Jun-15,2,2,Jun,6,CY2015-Jun,2015,CY2015,8,FY2015-Jun,2015,FY2015,23
3-Jun-15,3,3,Jun,6,CY2015-Jun,2015,CY2015,8,FY2015-Jun,2015,FY2015,23
4-Jun-15,4,4,Jun,6,CY2015-Jun,2015,CY2015,8,FY2015-Jun,2015,FY2015,23
5-Jun-15,5,5,Jun,6,CY2015-Jun,2015,CY2015,8,FY2015-Jun,2015,FY2015,23
6-Jun-15,6,6,Jun,6,CY2015-Jun,2015,CY2015,8,FY2015-Jun,2015,FY2015,23
7-Jun-15,7,7,Jun,6,CY2015-Jun,2015,CY2015,8,FY2015-Jun,2015,FY2015,23
8-Jun-15,8,8,Jun,6,CY2015-Jun,2015,CY2015,8,FY2015-Jun,2015,FY2015,24
9-Jun-15,9,9,Jun,6,CY2015-Jun,2015,CY2015,8,FY2015-Jun,2015,FY2015,24
10-Jun-15,10,10,Jun,6,CY2015-Jun,2015,CY2015,8,FY2015-Jun,2015,FY2015,24
11-Jun-15,11,11,Jun,6,CY2015-Jun,2015,CY2015,8,FY2015-Jun,2015,FY2015,24
12-Jun-15,12,12,Jun,6,CY2015-Jun,2015,CY2015,8,FY2015-Jun,2015,FY2015,24
13-Jun-15,13,13,Jun,6,CY2015-Jun,2015,CY2015,8,FY2015-Jun,2015,FY2015,24
14-Jun-15,14,14,Jun,6,CY2015-Jun,2015,CY2015,8,FY2015-Jun,2015,FY2015,24
15-Jun-15,15,15,Jun,6,CY2015-Jun,2015,CY2015,8,FY2015-Jun,2015,FY2015,25
16-Jun-15,16,16,Jun,6,CY2015-Jun,2015,CY2015,8,FY2015-Jun,2015,FY2015,25
17-Jun-15,17,17,Jun,6,CY2015-Jun,2015,CY2015,8,FY2015-Jun,2015,FY2015,25
18-Jun-15,18,18,Jun,6,CY2015-Jun,2015,CY2015,8,FY2015-Jun,2015,FY2015,25
19-Jun-15,19,19,Jun,6,CY2015-Jun,2015,CY2015,8,FY2015-Jun,2015,FY2015,25
20-Jun-15,20,20,Jun,6,CY2015-Jun,2015,CY2015,8,FY2015-Jun,2015,FY2015,25
21-Jun-15,21,21,Jun,6,CY2015-Jun,2015,CY2015,8,FY2015-Jun,2015,FY2015,25
22-Jun-15,22,22,Jun,6,CY2015-Jun,2015,CY2015,8,FY2015-Jun,2015,FY2015,26
23-Jun-15,23,23,Jun,6,CY2015-Jun,2015,CY2015,8,FY2015-Jun,2015,FY2015,26
24-Jun-15,24,24,Jun,6,CY2015-Jun,2015,CY2015,8,FY2015-Jun,2015,FY2015,26
25-Jun-15,25,25,Jun,6,CY2015-Jun,2015,CY2015,8,FY2015-Jun,2015,FY2015,26
26-Jun-15,26,26,Jun,6,CY2015-Jun,2015,CY2015,8,FY2015-Jun,2015,FY2015,26
27-Jun-15,27,27,Jun,6,CY2015-Jun,2015,CY2015,8,FY2015-Jun,2015,FY2015,26
28-Jun-15,28,28,Jun,6,CY2015-Jun,2015,CY2015,8,FY2015-Jun,2015,FY2015,26
29-Jun-15,29,29,Jun,6,CY2015-Jun,2015,CY2015,8,FY2015-Jun,2015,FY2015,27
30-Jun-15,30,30,Jun,6,CY2015-Jun,2015,CY2015,8,FY2015-Jun,2015,FY2015,27
1-Jul-15,1,1,Jul,7,CY2015-Jul,2015,CY2015,9,FY2015-Jul,2015,FY2015,27
2-Jul-15,2,2,Jul,7,CY2015-Jul,2015,CY2015,9,FY2015-Jul,2015,FY2015,27
3-Jul-15,3,3,Jul,7,CY2015-Jul,2015,CY2015,9,FY2015-Jul,2015,FY2015,27
4-Jul-15,4,4,Jul,7,CY2015-Jul,2015,CY2015,9,FY2015-Jul,2015,FY2015,27
5-Jul-15,5,5,Jul,7,CY2015-Jul,2015,CY2015,9,FY2015-Jul,2015,FY2015,27
6-Jul-15,6,6,Jul,7,CY2015-Jul,2015,CY2015,9,FY2015-Jul,2015,FY2015,28
7-Jul-15,7,7,Jul,7,CY2015-Jul,2015,CY2015,9,FY2015-Jul,2015,FY2015,28
8-Jul-15,8,8,Jul,7,CY2015-Jul,2015,CY2015,9,FY2015-Jul,2015,FY2015,28
9-Jul-15,9,9,Jul,7,CY2015-Jul,2015,CY2015,9,FY2015-Jul,2015,FY2015,28
10-Jul-15,10,10,Jul,7,CY2015-Jul,2015,CY2015,9,FY2015-Jul,2015,FY2015,28
11-Jul-15,11,11,Jul,7,CY2015-Jul,2015,CY2015,9,FY2015-Jul,2015,FY2015,28
12-Jul-15,12,12,Jul,7,CY2015-Jul,2015,CY2015,9,FY2015-Jul,2015,FY2015,28
13-Jul-15,13,13,Jul,7,CY2015-Jul,2015,CY2015,9,FY2015-Jul,2015,FY2015,29
14-Jul-15,14,14,Jul,7,CY2015-Jul,2015,CY2015,9,FY2015-Jul,2015,FY2015,29
15-Jul-15,15,15,Jul,7,CY2015-Jul,2015,CY2015,9,FY2015-Jul,2015,FY2015,29
16-Jul-15,16,16,Jul,7,CY2015-Jul,2015,CY2015,9,FY2015-Jul,2015,FY2015,29
17-Jul-15,17,17,Jul,7,CY2015-Jul,2015,CY2015,9,FY2015-Jul,2015,FY2015,29
18-Jul-15,18,18,Jul,7,CY2015-Jul,2015,CY2015,9,FY2015-Jul,2015,FY2015,29
19-Jul-15,19,19,Jul,7,CY2015-Jul,2015,CY2015,9,FY2015-Jul,2015,FY2015,29
20-Jul-15,20,20,Jul,7,CY2015-Jul,2015,CY2015,9,FY2015-Jul,2015,FY2015,30
21-Jul-15,21,21,Jul,7,CY2015-Jul,2015,CY2015,9,FY2015-Jul,2015,FY2015,30
22-Jul-15,22,22,Jul,7,CY2015-Jul,2015,CY2015,9,FY2015-Jul,2015,FY2015,30
23-Jul-15,23,23,Jul,7,CY2015-Jul,2015,CY2015,9,FY2015-Jul,2015,FY2015,30
24-Jul-15,24,24,Jul,7,CY2015-Jul,2015,CY2015,9,FY2015-Jul,2015,FY2015,30
25-Jul-15,25,25,Jul,7,CY2015-Jul,2015,CY2015,9,FY2015-Jul,2015,FY2015,30
26-Jul-15,26,26,Jul,7,CY2015-Jul,2015,CY2015,9,FY2015-Jul,2015,FY2015,30
27-Jul-15,27,27,Jul,7,CY2015-Jul,2015,CY2015,9,FY2015-Jul,2015,FY2015,31
28-Jul-15,28,28,Jul,7,CY2015-Jul,2015,CY2015,9,FY2015-Jul,2015,FY2015,31
29-Jul-15,29,29,Jul,7,CY2015-Jul,2015,CY2015,9,FY2015-Jul,2015,FY2015,31
30-Jul-15,30,30,Jul,7,CY2015-Jul,2015,CY2015,9,FY2015-Jul,2015,FY2015,31
31-Jul-15,31,31,Jul,7,CY2015-Jul,2015,CY2015,9,FY2015-Jul,2015,FY2015,31
1-Aug-15,1,1,Aug,8,CY2015-Aug,2015,CY2015,10,FY2015-Aug,2015,FY2015,31
2-Aug-15,2,2,Aug,8,CY2015-Aug,2015,CY2015,10,FY2015-Aug,2015,FY2015,31
3-Aug-15,3,3,Aug,8,CY2015-Aug,2015,CY2015,10,FY2015-Aug,2015,FY2015,32
4-Aug-15,4,4,Aug,8,CY2015-Aug,2015,CY2015,10,FY2015-Aug,2015,FY2015,32
5-Aug-15,5,5,Aug,8,CY2015-Aug,2015,CY2015,10,FY2015-Aug,2015,FY2015,32
6-Aug-15,6,6,Aug,8,CY2015-Aug,2015,CY2015,10,FY2015-Aug,2015,FY2015,32
7-Aug-15,7,7,Aug,8,CY2015-Aug,2015,CY2015,10,FY2015-Aug,2015,FY2015,32
8-Aug-15,8,8,Aug,8,CY2015-Aug,2015,CY2015,10,FY2015-Aug,2015,FY2015,32
9-Aug-15,9,9,Aug,8,CY2015-Aug,2015,CY2015,10,FY2015-Aug,2015,FY2015,32
10-Aug-15,10,10,Aug,8,CY2015-Aug,2015,CY2015,10,FY2015-Aug,2015,FY2015,33
11-Aug-15,11,11,Aug,8,CY2015-Aug,2015,CY2015,10,FY2015-Aug,2015,FY2015,33
12-Aug-15,12,12,Aug,8,CY2015-Aug,2015,CY2015,10,FY2015-Aug,2015,FY2015,33
13-Aug-15,13,13,Aug,8,CY2015-Aug,2015,CY2015,10,FY2015-Aug,2015,FY2015,33
14-Aug-15,14,14,Aug,8,CY2015-Aug,2015,CY2015,10,FY2015-Aug,2015,FY2015,33
15-Aug-15,15,15,Aug,8,CY2015-Aug,2015,CY2015,10,FY2015-Aug,2015,FY2015,33
16-Aug-15,16,16,Aug,8,CY2015-Aug,2015,CY2015,10,FY2015-Aug,2015,FY2015,33
17-Aug-15,17,17,Aug,8,CY2015-Aug,2015,CY2015,10,FY2015-Aug,2015,FY2015,34
18-Aug-15,18,18,Aug,8,CY2015-Aug,2015,CY2015,10,FY2015-Aug,2015,FY2015,34
19-Aug-15,19,19,Aug,8,CY2015-Aug,2015,CY2015,10,FY2015-Aug,2015,FY2015,34
20-Aug-15,20,20,Aug,8,CY2015-Aug,2015,CY2015,10,FY2015-Aug,2015,FY2015,34
21-Aug-15,21,21,Aug,8,CY2015-Aug,2015,CY2015,10,FY2015-Aug,2015,FY2015,34
22-Aug-15,22,22,Aug,8,CY2015-Aug,2015,CY2015,10,FY2015-Aug,2015,FY2015,34
23-Aug-15,23,23,Aug,8,CY2015-Aug,2015,CY2015,10,FY2015-Aug,2015,FY2015,34
24-Aug-15,24,24,Aug,8,CY2015-Aug,2015,CY2015,10,FY2015-Aug,2015,FY2015,35
25-Aug-15,25,25,Aug,8,CY2015-Aug,2015,CY2015,10,FY2015-Aug,2015,FY2015,35
26-Aug-15,26,26,Aug,8,CY2015-Aug,2015,CY2015,10,FY2015-Aug,2015,FY2015,35
27-Aug-15,27,27,Aug,8,CY2015-Aug,2015,CY2015,10,FY2015-Aug,2015,FY2015,35
28-Aug-15,28,28,Aug,8,CY2015-Aug,2015,CY2015,10,FY2015-Aug,2015,FY2015,35
29-Aug-15,29,29,Aug,8,CY2015-Aug,2015,CY2015,10,FY2015-Aug,2015,FY2015,35
30-Aug-15,30,30,Aug,8,CY2015-Aug,2015,CY2015,10,FY2015-Aug,2015,FY2015,35
31-Aug-15,31,31,Aug,8,CY2015-Aug,2015,CY2015,10,FY2015-Aug,2015,FY2015,36
1-Sep-15,1,1,Sep,9,CY2015-Sep,2015,CY2015,11,FY2015-Sep,2015,FY2015,36
2-Sep-15,2,2,Sep,9,CY2015-Sep,2015,CY2015,11,FY2015-Sep,2015,FY2015,36
3-Sep-15,3,3,Sep,9,CY2015-Sep,2015,CY2015,11,FY2015-Sep,2015,FY2015,36
4-Sep-15,4,4,Sep,9,CY2015-Sep,2015,CY2015,11,FY2015-Sep,2015,FY2015,36
5-Sep-15,5,5,Sep,9,CY2015-Sep,2015,CY2015,11,FY2015-Sep,2015,FY2015,36
6-Sep-15,6,6,Sep,9,CY2015-Sep,2015,CY2015,11,FY2015-Sep,2015,FY2015,36
7-Sep-15,7,7,Sep,9,CY2015-Sep,2015,CY2015,11,FY2015-Sep,2015,FY2015,37
8-Sep-15,8,8,Sep,9,CY2015-Sep,2015,CY2015,11,FY2015-Sep,2015,FY2015,37
9-Sep-15,9,9,Sep,9,CY2015-Sep,2015,CY2015,11,FY2015-Sep,2015,FY2015,37
10-Sep-15,10,10,Sep,9,CY2015-Sep,2015,CY2015,11,FY2015-Sep,2015,FY2015,37
11-Sep-15,11,11,Sep,9,CY2015-Sep,2015,CY2015,11,FY2015-Sep,2015,FY2015,37
12-Sep-15,12,12,Sep,9,CY2015-Sep,2015,CY2015,11,FY2015-Sep,2015,FY2015,37
13-Sep-15,13,13,Sep,9,CY2015-Sep,2015,CY2015,11,FY2015-Sep,2015,FY2015,37
14-Sep-15,14,14,Sep,9,CY2015-Sep,2015,CY2015,11,FY2015-Sep,2015,FY2015,38
15-Sep-15,15,15,Sep,9,CY2015-Sep,2015,CY2015,11,FY2015-Sep,2015,FY2015,38
16-Sep-15,16,16,Sep,9,CY2015-Sep,2015,CY2015,11,FY2015-Sep,2015,FY2015,38
17-Sep-15,17,17,Sep,9,CY2015-Sep,2015,CY2015,11,FY2015-Sep,2015,FY2015,38
18-Sep-15,18,18,Sep,9,CY2015-Sep,2015,CY2015,11,FY2015-Sep,2015,FY2015,38
19-Sep-15,19,19,Sep,9,CY2015-Sep,2015,CY2015,11,FY2015-Sep,2015,FY2015,38
20-Sep-15,20,20,Sep,9,CY2015-Sep,2015,CY2015,11,FY2015-Sep,2015,FY2015,38
21-Sep-15,21,21,Sep,9,CY2015-Sep,2015,CY2015,11,FY2015-Sep,2015,FY2015,39
22-Sep-15,22,22,Sep,9,CY2015-Sep,2015,CY2015,11,FY2015-Sep,2015,FY2015,39
23-Sep-15,23,23,Sep,9,CY2015-Sep,2015,CY2015,11,FY2015-Sep,2015,FY2015,39
24-Sep-15,24,24,Sep,9,CY2015-Sep,2015,CY2015,11,FY2015-Sep,2015,FY2015,39
25-Sep-15,25,25,Sep,9,CY2015-Sep,2015,CY2015,11,FY2015-Sep,2015,FY2015,39
26-Sep-15,26,26,Sep,9,CY2015-Sep,2015,CY2015,11,FY2015-Sep,2015,FY2015,39
27-Sep-15,27,27,Sep,9,CY2015-Sep,2015,CY2015,11,FY2015-Sep,2015,FY2015,39
28-Sep-15,28,28,Sep,9,CY2015-Sep,2015,CY2015,11,FY2015-Sep,2015,FY2015,40
29-Sep-15,29,29,Sep,9,CY2015-Sep,2015,CY2015,11,FY2015-Sep,2015,FY2015,40
30-Sep-15,30,30,Sep,9,CY2015-Sep,2015,CY2015,11,FY2015-Sep,2015,FY2015,40
1-Oct-15,1,1,Oct,10,CY2015-Oct,2015,CY2015,12,FY2015-Oct,2015,FY2015,40
2-Oct-15,2,2,Oct,10,CY2015-Oct,2015,CY2015,12,FY2015-Oct,2015,FY2015,40
3-Oct-15,3,3,Oct,10,CY2015-Oct,2015,CY2015,12,FY2015-Oct,2015,FY2015,40
4-Oct-15,4,4,Oct,10,CY2015-Oct,2015,CY2015,12,FY2015-Oct,2015,FY2015,40
5-Oct-15,5,5,Oct,10,CY2015-Oct,2015,CY2015,12,FY2015-Oct,2015,FY2015,41
6-Oct-15,6,6,Oct,10,CY2015-Oct,2015,CY2015,12,FY2015-Oct,2015,FY2015,41
7-Oct-15,7,7,Oct,10,CY2015-Oct,2015,CY2015,12,FY2015-Oct,2015,FY2015,41
8-Oct-15,8,8,Oct,10,CY2015-Oct,2015,CY2015,12,FY2015-Oct,2015,FY2015,41
9-Oct-15,9,9,Oct,10,CY2015-Oct,2015,CY2015,12,FY2015-Oct,2015,FY2015,41
10-Oct-15,10,10,Oct,10,CY2015-Oct,2015,CY2015,12,FY2015-Oct,2015,FY2015,41
11-Oct-15,11,11,Oct,10,CY2015-Oct,2015,CY2015,12,FY2015-Oct,2015,FY2015,41
12-Oct-15,12,12,Oct,10,CY2015-Oct,2015,CY2015,12,FY2015-Oct,2015,FY2015,42
13-Oct-15,13,13,Oct,10,CY2015-Oct,2015,CY2015,12,FY2015-Oct,2015,FY2015,42
14-Oct-15,14,14,Oct,10,CY2015-Oct,2015,CY2015,12,FY2015-Oct,2015,FY2015,42
15-Oct-15,15,15,Oct,10,CY2015-Oct,2015,CY2015,12,FY2015-Oct,2015,FY2015,42
16-Oct-15,16,16,Oct,10,CY2015-Oct,2015,CY2015,12,FY2015-Oct,2015,FY2015,42
17-Oct-15,17,17,Oct,10,CY2015-Oct,2015,CY2015,12,FY2015-Oct,2015,FY2015,42
18-Oct-15,18,18,Oct,10,CY2015-Oct,2015,CY2015,12,FY2015-Oct,2015,FY2015,42
19-Oct-15,19,19,Oct,10,CY2015-Oct,2015,CY2015,12,FY2015-Oct,2015,FY2015,43
20-Oct-15,20,20,Oct,10,CY2015-Oct,2015,CY2015,12,FY2015-Oct,2015,FY2015,43
21-Oct-15,21,21,Oct,10,CY2015-Oct,2015,CY2015,12,FY2015-Oct,2015,FY2015,43
22-Oct-15,22,22,Oct,10,CY2015-Oct,2015,CY2015,12,FY2015-Oct,2015,FY2015,43
23-Oct-15,23,23,Oct,10,CY2015-Oct,2015,CY2015,12,FY2015-Oct,2015,FY2015,43
24-Oct-15,24,24,Oct,10,CY2015-Oct,2015,CY2015,12,FY2015-Oct,2015,FY2015,43
25-Oct-15,25,25,Oct,10,CY2015-Oct,2015,CY2015,12,FY2015-Oct,2015,FY2015,43
26-Oct-15,26,26,Oct,10,CY2015-Oct,2015,CY2015,12,FY2015-Oct,2015,FY2015,44
27-Oct-15,27,27,Oct,10,CY2015-Oct,2015,CY2015,12,FY2015-Oct,2015,FY2015,44
28-Oct-15,28,28,Oct,10,CY2015-Oct,2015,CY2015,12,FY2015-Oct,2015,FY2015,44
29-Oct-15,29,29,Oct,10,CY2015-Oct,2015,CY2015,12,FY2015-Oct,2015,FY2015,44
30-Oct-15,30,30,Oct,10,CY2015-Oct,2015,CY2015,12,FY2015-Oct,2015,FY2015,44
31-Oct-15,31,31,Oct,10,CY2015-Oct,2015,CY2015,12,FY2015-Oct,2015,FY2015,44
1-Nov-14,1,1,Nov,11,CY2014-Nov,2014,CY2014,1,FY2015-Nov,2015,FY2015,44
2-Nov-14,2,2,Nov,11,CY2014-Nov,2014,CY2014,1,FY2015-Nov,2015,FY2015,44
3-Nov-14,3,3,Nov,11,CY2014-Nov,2014,CY2014,1,FY2015-Nov,2015,FY2015,45
4-Nov-14,4,4,Nov,11,CY2014-Nov,2014,CY2014,1,FY2015-Nov,2015,FY2015,45
5-Nov-14,5,5,Nov,11,CY2014-Nov,2014,CY2014,1,FY2015-Nov,2015,FY2015,45
6-Nov-14,6,6,Nov,11,CY2014-Nov,2014,CY2014,1,FY2015-Nov,2015,FY2015,45
7-Nov-14,7,7,Nov,11,CY2014-Nov,2014,CY2014,1,FY2015-Nov,2015,FY2015,45
8-Nov-14,8,8,Nov,11,CY2014-Nov,2014,CY2014,1,FY2015-Nov,2015,FY2015,45
9-Nov-14,9,9,Nov,11,CY2014-Nov,2014,CY2014,1,FY2015-Nov,2015,FY2015,45
10-Nov-14,10,10,Nov,11,CY2014-Nov,2014,CY2014,1,FY2015-Nov,2015,FY2015,46
11-Nov-14,11,11,Nov,11,CY2014-Nov,2014,CY2014,1,FY2015-Nov,2015,FY2015,46
12-Nov-14,12,12,Nov,11,CY2014-Nov,2014,CY2014,1,FY2015-Nov,2015,FY2015,46
13-Nov-14,13,13,Nov,11,CY2014-Nov,2014,CY2014,1,FY2015-Nov,2015,FY2015,46
14-Nov-14,14,14,Nov,11,CY2014-Nov,2014,CY2014,1,FY2015-Nov,2015,FY2015,46
15-Nov-14,15,15,Nov,11,CY2014-Nov,2014,CY2014,1,FY2015-Nov,2015,FY2015,46
16-Nov-14,16,16,Nov,11,CY2014-Nov,2014,CY2014,1,FY2015-Nov,2015,FY2015,46
17-Nov-14,17,17,Nov,11,CY2014-Nov,2014,CY2014,1,FY2015-Nov,2015,FY2015,47
18-Nov-14,18,18,Nov,11,CY2014-Nov,2014,CY2014,1,FY2015-Nov,2015,FY2015,47
19-Nov-14,19,19,Nov,11,CY2014-Nov,2014,CY2014,1,FY2015-Nov,2015,FY2015,47
20-Nov-14,20,20,Nov,11,CY2014-Nov,2014,CY2014,1,FY2015-Nov,2015,FY2015,47
21-Nov-14,21,21,Nov,11,CY2014-Nov,2014,CY2014,1,FY2015-Nov,2015,FY2015,47
22-Nov-14,22,22,Nov,11,CY2014-Nov,2014,CY2014,1,FY2015-Nov,2015,FY2015,47
23-Nov-14,23,23,Nov,11,CY2014-Nov,2014,CY2014,1,FY2015-Nov,2015,FY2015,47
24-Nov-14,24,24,Nov,11,CY2014-Nov,2014,CY2014,1,FY2015-Nov,2015,FY2015,48
25-Nov-14,25,25,Nov,11,CY2014-Nov,2014,CY2014,1,FY2015-Nov,2015,FY2015,48
26-Nov-14,26,26,Nov,11,CY2014-Nov,2014,CY2014,1,FY2015-Nov,2015,FY2015,48
27-Nov-14,27,27,Nov,11,CY2014-Nov,2014,CY2014,1,FY2015-Nov,2015,FY2015,48
28-Nov-14,28,28,Nov,11,CY2014-Nov,2014,CY2014,1,FY2015-Nov,2015,FY2015,48
29-Nov-14,29,29,Nov,11,CY2014-Nov,2014,CY2014,1,FY2015-Nov,2015,FY2015,48
30-Nov-14,30,30,Nov,11,CY2014-Nov,2014,CY2014,1,FY2015-Nov,2015,FY2015,48
1-Dec-14,1,1,Dec,12,CY2014-Dec,2014,CY2014,2,FY2015-Dec,2015,FY2015,49
2-Dec-14,2,2,Dec,12,CY2014-Dec,2014,CY2014,2,FY2015-Dec,2015,FY2015,49
3-Dec-14,3,3,Dec,12,CY2014-Dec,2014,CY2014,2,FY2015-Dec,2015,FY2015,49
4-Dec-14,4,4,Dec,12,CY2014-Dec,2014,CY2014,2,FY2015-Dec,2015,FY2015,49
5-Dec-14,5,5,Dec,12,CY2014-Dec,2014,CY2014,2,FY2015-Dec,2015,FY2015,49
6-Dec-14,6,6,Dec,12,CY2014-Dec,2014,CY2014,2,FY2015-Dec,2015,FY2015,49
7-Dec-14,7,7,Dec,12,CY2014-Dec,2014,CY2014,2,FY2015-Dec,2015,FY2015,49
8-Dec-14,8,8,Dec,12,CY2014-Dec,2014,CY2014,2,FY2015-Dec,2015,FY2015,50
9-Dec-14,9,9,Dec,12,CY2014-Dec,2014,CY2014,2,FY2015-Dec,2015,FY2015,50
10-Dec-14,10,10,Dec,12,CY2014-Dec,2014,CY2014,2,FY2015-Dec,2015,FY2015,50
11-Dec-14,11,11,Dec,12,CY2014-Dec,2014,CY2014,2,FY2015-Dec,2015,FY2015,50
12-Dec-14,12,12,Dec,12,CY2014-Dec,2014,CY2014,2,FY2015-Dec,2015,FY2015,50
13-Dec-14,13,13,Dec,12,CY2014-Dec,2014,CY2014,2,FY2015-Dec,2015,FY2015,50
14-Dec-14,14,14,Dec,12,CY2014-Dec,2014,CY2014,2,FY2015-Dec,2015,FY2015,50
15-Dec-14,15,15,Dec,12,CY2014-Dec,2014,CY2014,2,FY2015-Dec,2015,FY2015,51
16-Dec-14,16,16,Dec,12,CY2014-Dec,2014,CY2014,2,FY2015-Dec,2015,FY2015,51
17-Dec-14,17,17,Dec,12,CY2014-Dec,2014,CY2014,2,FY2015-Dec,2015,FY2015,51
18-Dec-14,18,18,Dec,12,CY2014-Dec,2014,CY2014,2,FY2015-Dec,2015,FY2015,51
19-Dec-14,19,19,Dec,12,CY2014-Dec,2014,CY2014,2,FY2015-Dec,2015,FY2015,51
20-Dec-14,20,20,Dec,12,CY2014-Dec,2014,CY2014,2,FY2015-Dec,2015,FY2015,51
21-Dec-14,21,21,Dec,12,CY2014-Dec,2014,CY2014,2,FY2015-Dec,2015,FY2015,51
22-Dec-14,22,22,Dec,12,CY2014-Dec,2014,CY2014,2,FY2015-Dec,2015,FY2015,52
23-Dec-14,23,23,Dec,12,CY2014-Dec,2014,CY2014,2,FY2015-Dec,2015,FY2015,52
24-Dec-14,24,24,Dec,12,CY2014-Dec,2014,CY2014,2,FY2015-Dec,2015,FY2015,52
25-Dec-14,25,25,Dec,12,CY2014-Dec,2014,CY2014,2,FY2015-Dec,2015,FY2015,52
26-Dec-14,26,26,Dec,12,CY2014-Dec,2014,CY2014,2,FY2015-Dec,2015,FY2015,52
27-Dec-14,27,27,Dec,12,CY2014-Dec,2014,CY2014,2,FY2015-Dec,2015,FY2015,52
28-Dec-14,28,28,Dec,12,CY2014-Dec,2014,CY2014,2,FY2015-Dec,2015,FY2015,52
29-Dec-14,29,29,Dec,12,CY2014-Dec,2014,CY2014,2,FY2015-Dec,2015,FY2015,1
30-Dec-14,30,30,Dec,12,CY2014-Dec,2014,CY2014,2,FY2015-Dec,2015,FY2015,1
31-Dec-14,31,31,Dec,12,CY2014-Dec,2014,CY2014,2,FY2015-Dec,2015,FY2015,1
1-Jan-13,1,1,Jan,1,CY2013-Jan,2013,CY2013,3,FY2013-Jan,2013,FY2013,1
2-Jan-13,2,2,Jan,1,CY2013-Jan,2013,CY2013,3,FY2013-Jan,2013,FY2013,1
3-Jan-13,3,3,Jan,1,CY2013-Jan,2013,CY2013,3,FY2013-Jan,2013,FY2013,1
4-Jan-13,4,4,Jan,1,CY2013-Jan,2013,CY2013,3,FY2013-Jan,2013,FY2013,1
5-Jan-13,5,5,Jan,1,CY2013-Jan,2013,CY2013,3,FY2013-Jan,2013,FY2013,1
6-Jan-13,6,6,Jan,1,CY2013-Jan,2013,CY2013,3,FY2013-Jan,2013,FY2013,1
7-Jan-13,7,7,Jan,1,CY2013-Jan,2013,CY2013,3,FY2013-Jan,2013,FY2013,2
8-Jan-13,8,8,Jan,1,CY2013-Jan,2013,CY2013,3,FY2013-Jan,2013,FY2013,2
9-Jan-13,9,9,Jan,1,CY2013-Jan,2013,CY2013,3,FY2013-Jan,2013,FY2013,2
10-Jan-13,10,10,Jan,1,CY2013-Jan,2013,CY2013,3,FY2013-Jan,2013,FY2013,2
11-Jan-13,11,11,Jan,1,CY2013-Jan,2013,CY2013,3,FY2013-Jan,2013,FY2013,2
12-Jan-13,12,12,Jan,1,CY2013-Jan,2013,CY2013,3,FY2013-Jan,2013,FY2013,2
13-Jan-13,13,13,Jan,1,CY2013-Jan,2013,CY2013,3,FY2013-Jan,2013,FY2013,2
14-Jan-13,14,14,Jan,1,CY2013-Jan,2013,CY2013,3,FY2013-Jan,2013,FY2013,3
15-Jan-13,15,15,Jan,1,CY2013-Jan,2013,CY2013,3,FY2013-Jan,2013,FY2013,3
16-Jan-13,16,16,Jan,1,CY2013-Jan,2013,CY2013,3,FY2013-Jan,2013,FY2013,3
17-Jan-13,17,17,Jan,1,CY2013-Jan,2013,CY2013,3,FY2013-Jan,2013,FY2013,3
18-Jan-13,18,18,Jan,1,CY2013-Jan,2013,CY2013,3,FY2013-Jan,2013,FY2013,3
19-Jan-13,19,19,Jan,1,CY2013-Jan,2013,CY2013,3,FY2013-Jan,2013,FY2013,3
20-Jan-13,20,20,Jan,1,CY2013-Jan,2013,CY2013,3,FY2013-Jan,2013,FY2013,3
21-Jan-13,21,21,Jan,1,CY2013-Jan,2013,CY2013,3,FY2013-Jan,2013,FY2013,4
22-Jan-13,22,22,Jan,1,CY2013-Jan,2013,CY2013,3,FY2013-Jan,2013,FY2013,4
23-Jan-13,23,23,Jan,1,CY2013-Jan,2013,CY2013,3,FY2013-Jan,2013,FY2013,4
24-Jan-13,24,24,Jan,1,CY2013-Jan,2013,CY2013,3,FY2013-Jan,2013,FY2013,4
25-Jan-13,25,25,Jan,1,CY2013-Jan,2013,CY2013,3,FY2013-Jan,2013,FY2013,4
26-Jan-13,26,26,Jan,1,CY2013-Jan,2013,CY2013,3,FY2013-Jan,2013,FY2013,4
27-Jan-13,27,27,Jan,1,CY2013-Jan,2013,CY2013,3,FY2013-Jan,2013,FY2013,4
28-Jan-13,28,28,Jan,1,CY2013-Jan,2013,CY2013,3,FY2013-Jan,2013,FY2013,5
29-Jan-13,29,29,Jan,1,CY2013-Jan,2013,CY2013,3,FY2013-Jan,2013,FY2013,5
30-Jan-13,30,30,Jan,1,CY2013-Jan,2013,CY2013,3,FY2013-Jan,2013,FY2013,5
31-Jan-13,31,31,Jan,1,CY2013-Jan,2013,CY2013,3,FY2013-Jan,2013,FY2013,5
1-Feb-13,1,1,Feb,2,CY2013-Feb,2013,CY2013,4,FY2013-Feb,2013,FY2013,5
2-Feb-13,2,2,Feb,2,CY2013-Feb,2013,CY2013,4,FY2013-Feb,2013,FY2013,5
3-Feb-13,3,3,Feb,2,CY2013-Feb,2013,CY2013,4,FY2013-Feb,2013,FY2013,5
4-Feb-13,4,4,Feb,2,CY2013-Feb,2013,CY2013,4,FY2013-Feb,2013,FY2013,6
5-Feb-13,5,5,Feb,2,CY2013-Feb,2013,CY2013,4,FY2013-Feb,2013,FY2013,6
6-Feb-13,6,6,Feb,2,CY2013-Feb,2013,CY2013,4,FY2013-Feb,2013,FY2013,6
7-Feb-13,7,7,Feb,2,CY2013-Feb,2013,CY2013,4,FY2013-Feb,2013,FY2013,6
8-Feb-13,8,8,Feb,2,CY2013-Feb,2013,CY2013,4,FY2013-Feb,2013,FY2013,6
9-Feb-13,9,9,Feb,2,CY2013-Feb,2013,CY2013,4,FY2013-Feb,2013,FY2013,6
10-Feb-13,10,10,Feb,2,CY2013-Feb,2013,CY2013,4,FY2013-Feb,2013,FY2013,6
11-Feb-13,11,11,Feb,2,CY2013-Feb,2013,CY2013,4,FY2013-Feb,2013,FY2013,7
12-Feb-13,12,12,Feb,2,CY2013-Feb,2013,CY2013,4,FY2013-Feb,2013,FY2013,7
13-Feb-13,13,13,Feb,2,CY2013-Feb,2013,CY2013,4,FY2013-Feb,2013,FY2013,7
14-Feb-13,14,14,Feb,2,CY2013-Feb,2013,CY2013,4,FY2013-Feb,2013,FY2013,7
15-Feb-13,15,15,Feb,2,CY2013-Feb,2013,CY2013,4,FY2013-Feb,2013,FY2013,7
16-Feb-13,16,16,Feb,2,CY2013-Feb,2013,CY2013,4,FY2013-Feb,2013,FY2013,7
17-Feb-13,17,17,Feb,2,CY2013-Feb,2013,CY2013,4,FY2013-Feb,2013,FY2013,7
18-Feb-13,18,18,Feb,2,CY2013-Feb,2013,CY2013,4,FY2013-Feb,2013,FY2013,8
19-Feb-13,19,19,Feb,2,CY2013-Feb,2013,CY2013,4,FY2013-Feb,2013,FY2013,8
20-Feb-13,20,20,Feb,2,CY2013-Feb,2013,CY2013,4,FY2013-Feb,2013,FY2013,8
21-Feb-13,21,21,Feb,2,CY2013-Feb,2013,CY2013,4,FY2013-Feb,2013,FY2013,8
22-Feb-13,22,22,Feb,2,CY2013-Feb,2013,CY2013,4,FY2013-Feb,2013,FY2013,8
23-Feb-13,23,23,Feb,2,CY2013-Feb,2013,CY2013,4,FY2013-Feb,2013,FY2013,8
24-Feb-13,24,24,Feb,2,CY2013-Feb,2013,CY2013,4,FY2013-Feb,2013,FY2013,8
25-Feb-13,25,25,Feb,2,CY2013-Feb,2013,CY2013,4,FY2013-Feb,2013,FY2013,9
26-Feb-13,26,26,Feb,2,CY2013-Feb,2013,CY2013,4,FY2013-Feb,2013,FY2013,9
27-Feb-13,27,27,Feb,2,CY2013-Feb,2013,CY2013,4,FY2013-Feb,2013,FY2013,9
28-Feb-13,28,28,Feb,2,CY2013-Feb,2013,CY2013,4,FY2013-Feb,2013,FY2013,9
1-Mar-13,1,1,Mar,3,CY2013-Mar,2013,CY2013,5,FY2013-Mar,2013,FY2013,9
2-Mar-13,2,2,Mar,3,CY2013-Mar,2013,CY2013,5,FY2013-Mar,2013,FY2013,9
3-Mar-13,3,3,Mar,3,CY2013-Mar,2013,CY2013,5,FY2013-Mar,2013,FY2013,9
4-Mar-13,4,4,Mar,3,CY2013-Mar,2013,CY2013,5,FY2013-Mar,2013,FY2013,10
5-Mar-13,5,5,Mar,3,CY2013-Mar,2013,CY2013,5,FY2013-Mar,2013,FY2013,10
6-Mar-13,6,6,Mar,3,CY2013-Mar,2013,CY2013,5,FY2013-Mar,2013,FY2013,10
7-Mar-13,7,7,Mar,3,CY2013-Mar,2013,CY2013,5,FY2013-Mar,2013,FY2013,10
8-Mar-13,8,8,Mar,3,CY2013-Mar,2013,CY2013,5,FY2013-Mar,2013,FY2013,10
9-Mar-13,9,9,Mar,3,CY2013-Mar,2013,CY2013,5,FY2013-Mar,2013,FY2013,10
10-Mar-13,10,10,Mar,3,CY2013-Mar,2013,CY2013,5,FY2013-Mar,2013,FY2013,10
11-Mar-13,11,11,Mar,3,CY2013-Mar,2013,CY2013,5,FY2013-Mar,2013,FY2013,11
12-Mar-13,12,12,Mar,3,CY2013-Mar,2013,CY2013,5,FY2013-Mar,2013,FY2013,11
13-Mar-13,13,13,Mar,3,CY2013-Mar,2013,CY2013,5,FY2013-Mar,2013,FY2013,11
14-Mar-13,14,14,Mar,3,CY2013-Mar,2013,CY2013,5,FY2013-Mar,2013,FY2013,11
15-Mar-13,15,15,Mar,3,CY2013-Mar,2013,CY2013,5,FY2013-Mar,2013,FY2013,11
16-Mar-13,16,16,Mar,3,CY2013-Mar,2013,CY2013,5,FY2013-Mar,2013,FY2013,11
17-Mar-13,17,17,Mar,3,CY2013-Mar,2013,CY2013,5,FY2013-Mar,2013,FY2013,11
18-Mar-13,18,18,Mar,3,CY2013-Mar,2013,CY2013,5,FY2013-Mar,2013,FY2013,12
19-Mar-13,19,19,Mar,3,CY2013-Mar,2013,CY2013,5,FY2013-Mar,2013,FY2013,12
20-Mar-13,20,20,Mar,3,CY2013-Mar,2013,CY2013,5,FY2013-Mar,2013,FY2013,12
21-Mar-13,21,21,Mar,3,CY2013-Mar,2013,CY2013,5,FY2013-Mar,2013,FY2013,12
22-Mar-13,22,22,Mar,3,CY2013-Mar,2013,CY2013,5,FY2013-Mar,2013,FY2013,12
23-Mar-13,23,23,Mar,3,CY2013-Mar,2013,CY2013,5,FY2013-Mar,2013,FY2013,12
24-Mar-13,24,24,Mar,3,CY2013-Mar,2013,CY2013,5,FY2013-Mar,2013,FY2013,12
25-Mar-13,25,25,Mar,3,CY2013-Mar,2013,CY2013,5,FY2013-Mar,2013,FY2013,13
26-Mar-13,26,26,Mar,3,CY2013-Mar,2013,CY2013,5,FY2013-Mar,2013,FY2013,13
27-Mar-13,27,27,Mar,3,CY2013-Mar,2013,CY2013,5,FY2013-Mar,2013,FY2013,13
28-Mar-13,28,28,Mar,3,CY2013-Mar,2013,CY2013,5,FY2013-Mar,2013,FY2013,13
29-Mar-13,29,29,Mar,3,CY2013-Mar,2013,CY2013,5,FY2013-Mar,2013,FY2013,13
30-Mar-13,30,30,Mar,3,CY2013-Mar,2013,CY2013,5,FY2013-Mar,2013,FY2013,13
31-Mar-13,31,31,Mar,3,CY2013-Mar,2013,CY2013,5,FY2013-Mar,2013,FY2013,13
1-Apr-13,1,1,Apr,4,CY2013-Apr,2013,CY2013,6,FY2013-Apr,2013,FY2013,14
2-Apr-13,2,2,Apr,4,CY2013-Apr,2013,CY2013,6,FY2013-Apr,2013,FY2013,14
3-Apr-13,3,3,Apr,4,CY2013-Apr,2013,CY2013,6,FY2013-Apr,2013,FY2013,14
4-Apr-13,4,4,Apr,4,CY2013-Apr,2013,CY2013,6,FY2013-Apr,2013,FY2013,14
5-Apr-13,5,5,Apr,4,CY2013-Apr,2013,CY2013,6,FY2013-Apr,2013,FY2013,14
6-Apr-13,6,6,Apr,4,CY2013-Apr,2013,CY2013,6,FY2013-Apr,2013,FY2013,14
7-Apr-13,7,7,Apr,4,CY2013-Apr,2013,CY2013,6,FY2013-Apr,2013,FY2013,14
8-Apr-13,8,8,Apr,4,CY2013-Apr,2013,CY2013,6,FY2013-Apr,2013,FY2013,15
9-Apr-13,9,9,Apr,4,CY2013-Apr,2013,CY2013,6,FY2013-Apr,2013,FY2013,15
10-Apr-13,10,10,Apr,4,CY2013-Apr,2013,CY2013,6,FY2013-Apr,2013,FY2013,15
11-Apr-13,11,11,Apr,4,CY2013-Apr,2013,CY2013,6,FY2013-Apr,2013,FY2013,15
12-Apr-13,12,12,Apr,4,CY2013-Apr,2013,CY2013,6,FY2013-Apr,2013,FY2013,15
13-Apr-13,13,13,Apr,4,CY2013-Apr,2013,CY2013,6,FY2013-Apr,2013,FY2013,15
14-Apr-13,14,14,Apr,4,CY2013-Apr,2013,CY2013,6,FY2013-Apr,2013,FY2013,15
15-Apr-13,15,15,Apr,4,CY2013-Apr,2013,CY2013,6,FY2013-Apr,2013,FY2013,16
16-Apr-13,16,16,Apr,4,CY2013-Apr,2013,CY2013,6,FY2013-Apr,2013,FY2013,16
17-Apr-13,17,17,Apr,4,CY2013-Apr,2013,CY2013,6,FY2013-Apr,2013,FY2013,16
18-Apr-13,18,18,Apr,4,CY2013-Apr,2013,CY2013,6,FY2013-Apr,2013,FY2013,16
19-Apr-13,19,19,Apr,4,CY2013-Apr,2013,CY2013,6,FY2013-Apr,2013,FY2013,16
20-Apr-13,20,20,Apr,4,CY2013-Apr,2013,CY2013,6,FY2013-Apr,2013,FY2013,16
21-Apr-13,21,21,Apr,4,CY2013-Apr,2013,CY2013,6,FY2013-Apr,2013,FY2013,16
22-Apr-13,22,22,Apr,4,CY2013-Apr,2013,CY2013,6,FY2013-Apr,2013,FY2013,17
23-Apr-13,23,23,Apr,4,CY2013-Apr,2013,CY2013,6,FY2013-Apr,2013,FY2013,17
24-Apr-13,24,24,Apr,4,CY2013-Apr,2013,CY2013,6,FY2013-Apr,2013,FY2013,17
25-Apr-13,25,25,Apr,4,CY2013-Apr,2013,CY2013,6,FY2013-Apr,2013,FY2013,17
26-Apr-13,26,26,Apr,4,CY2013-Apr,2013,CY2013,6,FY2013-Apr,2013,FY2013,17
27-Apr-13,27,27,Apr,4,CY2013-Apr,2013,CY2013,6,FY2013-Apr,2013,FY2013,17
28-Apr-13,28,28,Apr,4,CY2013-Apr,2013,CY2013,6,FY2013-Apr,2013,FY2013,17
29-Apr-13,29,29,Apr,4,CY2013-Apr,2013,CY2013,6,FY2013-Apr,2013,FY2013,18
30-Apr-13,30,30,Apr,4,CY2013-Apr,2013,CY2013,6,FY2013-Apr,2013,FY2013,18
1-May-13,1,1,May,5,CY2013-May,2013,CY2013,7,FY2013-May,2013,FY2013,18
2-May-13,2,2,May,5,CY2013-May,2013,CY2013,7,FY2013-May,2013,FY2013,18
3-May-13,3,3,May,5,CY2013-May,2013,CY2013,7,FY2013-May,2013,FY2013,18
4-May-13,4,4,May,5,CY2013-May,2013,CY2013,7,FY2013-May,2013,FY2013,18
5-May-13,5,5,May,5,CY2013-May,2013,CY2013,7,FY2013-May,2013,FY2013,18
6-May-13,6,6,May,5,CY2013-May,2013,CY2013,7,FY2013-May,2013,FY2013,19
7-May-13,7,7,May,5,CY2013-May,2013,CY2013,7,FY2013-May,2013,FY2013,19
8-May-13,8,8,May,5,CY2013-May,2013,CY2013,7,FY2013-May,2013,FY2013,19
9-May-13,9,9,May,5,CY2013-May,2013,CY2013,7,FY2013-May,2013,FY2013,19
10-May-13,10,10,May,5,CY2013-May,2013,CY2013,7,FY2013-May,2013,FY2013,19
11-May-13,11,11,May,5,CY2013-May,2013,CY2013,7,FY2013-May,2013,FY2013,19
12-May-13,12,12,May,5,CY2013-May,2013,CY2013,7,FY2013-May,2013,FY2013,19
13-May-13,13,13,May,5,CY2013-May,2013,CY2013,7,FY2013-May,2013,FY2013,20
14-May-13,14,14,May,5,CY2013-May,2013,CY2013,7,FY2013-May,2013,FY2013,20
15-May-13,15,15,May,5,CY2013-May,2013,CY2013,7,FY2013-May,2013,FY2013,20
16-May-13,16,16,May,5,CY2013-May,2013,CY2013,7,FY2013-May,2013,FY2013,20
17-May-13,17,17,May,5,CY2013-May,2013,CY2013,7,FY2013-May,2013,FY2013,20
18-May-13,18,18,May,5,CY2013-May,2013,CY2013,7,FY2013-May,2013,FY2013,20
19-May-13,19,19,May,5,CY2013-May,2013,CY2013,7,FY2013-May,2013,FY2013,20
20-May-13,20,20,May,5,CY2013-May,2013,CY2013,7,FY2013-May,2013,FY2013,21
21-May-13,21,21,May,5,CY2013-May,2013,CY2013,7,FY2013-May,2013,FY2013,21
22-May-13,22,22,May,5,CY2013-May,2013,CY2013,7,FY2013-May,2013,FY2013,21
23-May-13,23,23,May,5,CY2013-May,2013,CY2013,7,FY2013-May,2013,FY2013,21
24-May-13,24,24,May,5,CY2013-May,2013,CY2013,7,FY2013-May,2013,FY2013,21
25-May-13,25,25,May,5,CY2013-May,2013,CY2013,7,FY2013-May,2013,FY2013,21
26-May-13,26,26,May,5,CY2013-May,2013,CY2013,7,FY2013-May,2013,FY2013,21
27-May-13,27,27,May,5,CY2013-May,2013,CY2013,7,FY2013-May,2013,FY2013,22
28-May-13,28,28,May,5,CY2013-May,2013,CY2013,7,FY2013-May,2013,FY2013,22
29-May-13,29,29,May,5,CY2013-May,2013,CY2013,7,FY2013-May,2013,FY2013,22
30-May-13,30,30,May,5,CY2013-May,2013,CY2013,7,FY2013-May,2013,FY2013,22
31-May-13,31,31,May,5,CY2013-May,2013,CY2013,7,FY2013-May,2013,FY2013,22
1-Jun-13,1,1,Jun,6,CY2013-Jun,2013,CY2013,8,FY2013-Jun,2013,FY2013,22
2-Jun-13,2,2,Jun,6,CY2013-Jun,2013,CY2013,8,FY2013-Jun,2013,FY2013,22
3-Jun-13,3,3,Jun,6,CY2013-Jun,2013,CY2013,8,FY2013-Jun,2013,FY2013,23
4-Jun-13,4,4,Jun,6,CY2013-Jun,2013,CY2013,8,FY2013-Jun,2013,FY2013,23
5-Jun-13,5,5,Jun,6,CY2013-Jun,2013,CY2013,8,FY2013-Jun,2013,FY2013,23
6-Jun-13,6,6,Jun,6,CY2013-Jun,2013,CY2013,8,FY2013-Jun,2013,FY2013,23
7-Jun-13,7,7,Jun,6,CY2013-Jun,2013,CY2013,8,FY2013-Jun,2013,FY2013,23
8-Jun-13,8,8,Jun,6,CY2013-Jun,2013,CY2013,8,FY2013-Jun,2013,FY2013,23
9-Jun-13,9,9,Jun,6,CY2013-Jun,2013,CY2013,8,FY2013-Jun,2013,FY2013,23
10-Jun-13,10,10,Jun,6,CY2013-Jun,2013,CY2013,8,FY2013-Jun,2013,FY2013,24
11-Jun-13,11,11,Jun,6,CY2013-Jun,2013,CY2013,8,FY2013-Jun,2013,FY2013,24
12-Jun-13,12,12,Jun,6,CY2013-Jun,2013,CY2013,8,FY2013-Jun,2013,FY2013,24
13-Jun-13,13,13,Jun,6,CY2013-Jun,2013,CY2013,8,FY2013-Jun,2013,FY2013,24
14-Jun-13,14,14,Jun,6,CY2013-Jun,2013,CY2013,8,FY2013-Jun,2013,FY2013,24
15-Jun-13,15,15,Jun,6,CY2013-Jun,2013,CY2013,8,FY2013-Jun,2013,FY2013,24
16-Jun-13,16,16,Jun,6,CY2013-Jun,2013,CY2013,8,FY2013-Jun,2013,FY2013,24
17-Jun-13,17,17,Jun,6,CY2013-Jun,2013,CY2013,8,FY2013-Jun,2013,FY2013,25
18-Jun-13,18,18,Jun,6,CY2013-Jun,2013,CY2013,8,FY2013-Jun,2013,FY2013,25
19-Jun-13,19,19,Jun,6,CY2013-Jun,2013,CY2013,8,FY2013-Jun,2013,FY2013,25
20-Jun-13,20,20,Jun,6,CY2013-Jun,2013,CY2013,8,FY2013-Jun,2013,FY2013,25
21-Jun-13,21,21,Jun,6,CY2013-Jun,2013,CY2013,8,FY2013-Jun,2013,FY2013,25
22-Jun-13,22,22,Jun,6,CY2013-Jun,2013,CY2013,8,FY2013-Jun,2013,FY2013,25
23-Jun-13,23,23,Jun,6,CY2013-Jun,2013,CY2013,8,FY2013-Jun,2013,FY2013,25
24-Jun-13,24,24,Jun,6,CY2013-Jun,2013,CY2013,8,FY2013-Jun,2013,FY2013,26
25-Jun-13,25,25,Jun,6,CY2013-Jun,2013,CY2013,8,FY2013-Jun,2013,FY2013,26
26-Jun-13,26,26,Jun,6,CY2013-Jun,2013,CY2013,8,FY2013-Jun,2013,FY2013,26
27-Jun-13,27,27,Jun,6,CY2013-Jun,2013,CY2013,8,FY2013-Jun,2013,FY2013,26
28-Jun-13,28,28,Jun,6,CY2013-Jun,2013,CY2013,8,FY2013-Jun,2013,FY2013,26
29-Jun-13,29,29,Jun,6,CY2013-Jun,2013,CY2013,8,FY2013-Jun,2013,FY2013,26
30-Jun-13,30,30,Jun,6,CY2013-Jun,2013,CY2013,8,FY2013-Jun,2013,FY2013,26
1-Jul-13,1,1,Jul,7,CY2013-Jul,2013,CY2013,9,FY2013-Jul,2013,FY2013,27
2-Jul-13,2,2,Jul,7,CY2013-Jul,2013,CY2013,9,FY2013-Jul,2013,FY2013,27
3-Jul-13,3,3,Jul,7,CY2013-Jul,2013,CY2013,9,FY2013-Jul,2013,FY2013,27
4-Jul-13,4,4,Jul,7,CY2013-Jul,2013,CY2013,9,FY2013-Jul,2013,FY2013,27
5-Jul-13,5,5,Jul,7,CY2013-Jul,2013,CY2013,9,FY2013-Jul,2013,FY2013,27
6-Jul-13,6,6,Jul,7,CY2013-Jul,2013,CY2013,9,FY2013-Jul,2013,FY2013,27
7-Jul-13,7,7,Jul,7,CY2013-Jul,2013,CY2013,9,FY2013-Jul,2013,FY2013,27
8-Jul-13,8,8,Jul,7,CY2013-Jul,2013,CY2013,9,FY2013-Jul,2013,FY2013,28
9-Jul-13,9,9,Jul,7,CY2013-Jul,2013,CY2013,9,FY2013-Jul,2013,FY2013,28
10-Jul-13,10,10,Jul,7,CY2013-Jul,2013,CY2013,9,FY2013-Jul,2013,FY2013,28
11-Jul-13,11,11,Jul,7,CY2013-Jul,2013,CY2013,9,FY2013-Jul,2013,FY2013,28
12-Jul-13,12,12,Jul,7,CY2013-Jul,2013,CY2013,9,FY2013-Jul,2013,FY2013,28
13-Jul-13,13,13,Jul,7,CY2013-Jul,2013,CY2013,9,FY2013-Jul,2013,FY2013,28
14-Jul-13,14,14,Jul,7,CY2013-Jul,2013,CY2013,9,FY2013-Jul,2013,FY2013,28
15-Jul-13,15,15,Jul,7,CY2013-Jul,2013,CY2013,9,FY2013-Jul,2013,FY2013,29
16-Jul-13,16,16,Jul,7,CY2013-Jul,2013,CY2013,9,FY2013-Jul,2013,FY2013,29
17-Jul-13,17,17,Jul,7,CY2013-Jul,2013,CY2013,9,FY2013-Jul,2013,FY2013,29
18-Jul-13,18,18,Jul,7,CY2013-Jul,2013,CY2013,9,FY2013-Jul,2013,FY2013,29
19-Jul-13,19,19,Jul,7,CY2013-Jul,2013,CY2013,9,FY2013-Jul,2013,FY2013,29
20-Jul-13,20,20,Jul,7,CY2013-Jul,2013,CY2013,9,FY2013-Jul,2013,FY2013,29
21-Jul-13,21,21,Jul,7,CY2013-Jul,2013,CY2013,9,FY2013-Jul,2013,FY2013,29
22-Jul-13,22,22,Jul,7,CY2013-Jul,2013,CY2013,9,FY2013-Jul,2013,FY2013,30
23-Jul-13,23,23,Jul,7,CY2013-Jul,2013,CY2013,9,FY2013-Jul,2013,FY2013,30
24-Jul-13,24,24,Jul,7,CY2013-Jul,2013,CY2013,9,FY2013-Jul,2013,FY2013,30
25-Jul-13,25,25,Jul,7,CY2013-Jul,2013,CY2013,9,FY2013-Jul,2013,FY2013,30
26-Jul-13,26,26,Jul,7,CY2013-Jul,2013,CY2013,9,FY2013-Jul,2013,FY2013,30
27-Jul-13,27,27,Jul,7,CY2013-Jul,2013,CY2013,9,FY2013-Jul,2013,FY2013,30
28-Jul-13,28,28,Jul,7,CY2013-Jul,2013,CY2013,9,FY2013-Jul,2013,FY2013,30
29-Jul-13,29,29,Jul,7,CY2013-Jul,2013,CY2013,9,FY2013-Jul,2013,FY2013,31
30-Jul-13,30,30,Jul,7,CY2013-Jul,2013,CY2013,9,FY2013-Jul,2013,FY2013,31
31-Jul-13,31,31,Jul,7,CY2013-Jul,2013,CY2013,9,FY2013-Jul,2013,FY2013,31
1-Aug-13,1,1,Aug,8,CY2013-Aug,2013,CY2013,10,FY2013-Aug,2013,FY2013,31
2-Aug-13,2,2,Aug,8,CY2013-Aug,2013,CY2013,10,FY2013-Aug,2013,FY2013,31
3-Aug-13,3,3,Aug,8,CY2013-Aug,2013,CY2013,10,FY2013-Aug,2013,FY2013,31
4-Aug-13,4,4,Aug,8,CY2013-Aug,2013,CY2013,10,FY2013-Aug,2013,FY2013,31
5-Aug-13,5,5,Aug,8,CY2013-Aug,2013,CY2013,10,FY2013-Aug,2013,FY2013,32
6-Aug-13,6,6,Aug,8,CY2013-Aug,2013,CY2013,10,FY2013-Aug,2013,FY2013,32
7-Aug-13,7,7,Aug,8,CY2013-Aug,2013,CY2013,10,FY2013-Aug,2013,FY2013,32
8-Aug-13,8,8,Aug,8,CY2013-Aug,2013,CY2013,10,FY2013-Aug,2013,FY2013,32
9-Aug-13,9,9,Aug,8,CY2013-Aug,2013,CY2013,10,FY2013-Aug,2013,FY2013,32
10-Aug-13,10,10,Aug,8,CY2013-Aug,2013,CY2013,10,FY2013-Aug,2013,FY2013,32
11-Aug-13,11,11,Aug,8,CY2013-Aug,2013,CY2013,10,FY2013-Aug,2013,FY2013,32
12-Aug-13,12,12,Aug,8,CY2013-Aug,2013,CY2013,10,FY2013-Aug,2013,FY2013,33
13-Aug-13,13,13,Aug,8,CY2013-Aug,2013,CY2013,10,FY2013-Aug,2013,FY2013,33
14-Aug-13,14,14,Aug,8,CY2013-Aug,2013,CY2013,10,FY2013-Aug,2013,FY2013,33
15-Aug-13,15,15,Aug,8,CY2013-Aug,2013,CY2013,10,FY2013-Aug,2013,FY2013,33
16-Aug-13,16,16,Aug,8,CY2013-Aug,2013,CY2013,10,FY2013-Aug,2013,FY2013,33
17-Aug-13,17,17,Aug,8,CY2013-Aug,2013,CY2013,10,FY2013-Aug,2013,FY2013,33
18-Aug-13,18,18,Aug,8,CY2013-Aug,2013,CY2013,10,FY2013-Aug,2013,FY2013,33
19-Aug-13,19,19,Aug,8,CY2013-Aug,2013,CY2013,10,FY2013-Aug,2013,FY2013,34
20-Aug-13,20,20,Aug,8,CY2013-Aug,2013,CY2013,10,FY2013-Aug,2013,FY2013,34
21-Aug-13,21,21,Aug,8,CY2013-Aug,2013,CY2013,10,FY2013-Aug,2013,FY2013,34
22-Aug-13,22,22,Aug,8,CY2013-Aug,2013,CY2013,10,FY2013-Aug,2013,FY2013,34
23-Aug-13,23,23,Aug,8,CY2013-Aug,2013,CY2013,10,FY2013-Aug,2013,FY2013,34
24-Aug-13,24,24,Aug,8,CY2013-Aug,2013,CY2013,10,FY2013-Aug,2013,FY2013,34
25-Aug-13,25,25,Aug,8,CY2013-Aug,2013,CY2013,10,FY2013-Aug,2013,FY2013,34
26-Aug-13,26,26,Aug,8,CY2013-Aug,2013,CY2013,10,FY2013-Aug,2013,FY2013,35
27-Aug-13,27,27,Aug,8,CY2013-Aug,2013,CY2013,10,FY2013-Aug,2013,FY2013,35
28-Aug-13,28,28,Aug,8,CY2013-Aug,2013,CY2013,10,FY2013-Aug,2013,FY2013,35
29-Aug-13,29,29,Aug,8,CY2013-Aug,2013,CY2013,10,FY2013-Aug,2013,FY2013,35
30-Aug-13,30,30,Aug,8,CY2013-Aug,2013,CY2013,10,FY2013-Aug,2013,FY2013,35
31-Aug-13,31,31,Aug,8,CY2013-Aug,2013,CY2013,10,FY2013-Aug,2013,FY2013,35
1-Sep-13,1,1,Sep,9,CY2013-Sep,2013,CY2013,11,FY2013-Sep,2013,FY2013,35
2-Sep-13,2,2,Sep,9,CY2013-Sep,2013,CY2013,11,FY2013-Sep,2013,FY2013,36
3-Sep-13,3,3,Sep,9,CY2013-Sep,2013,CY2013,11,FY2013-Sep,2013,FY2013,36
4-Sep-13,4,4,Sep,9,CY2013-Sep,2013,CY2013,11,FY2013-Sep,2013,FY2013,36
5-Sep-13,5,5,Sep,9,CY2013-Sep,2013,CY2013,11,FY2013-Sep,2013,FY2013,36
6-Sep-13,6,6,Sep,9,CY2013-Sep,2013,CY2013,11,FY2013-Sep,2013,FY2013,36
7-Sep-13,7,7,Sep,9,CY2013-Sep,2013,CY2013,11,FY2013-Sep,2013,FY2013,36
8-Sep-13,8,8,Sep,9,CY2013-Sep,2013,CY2013,11,FY2013-Sep,2013,FY2013,36
9-Sep-13,9,9,Sep,9,CY2013-Sep,2013,CY2013,11,FY2013-Sep,2013,FY2013,37
10-Sep-13,10,10,Sep,9,CY2013-Sep,2013,CY2013,11,FY2013-Sep,2013,FY2013,37
11-Sep-13,11,11,Sep,9,CY2013-Sep,2013,CY2013,11,FY2013-Sep,2013,FY2013,37
12-Sep-13,12,12,Sep,9,CY2013-Sep,2013,CY2013,11,FY2013-Sep,2013,FY2013,37
13-Sep-13,13,13,Sep,9,CY2013-Sep,2013,CY2013,11,FY2013-Sep,2013,FY2013,37
14-Sep-13,14,14,Sep,9,CY2013-Sep,2013,CY2013,11,FY2013-Sep,2013,FY2013,37
15-Sep-13,15,15,Sep,9,CY2013-Sep,2013,CY2013,11,FY2013-Sep,2013,FY2013,37
16-Sep-13,16,16,Sep,9,CY2013-Sep,2013,CY2013,11,FY2013-Sep,2013,FY2013,38
17-Sep-13,17,17,Sep,9,CY2013-Sep,2013,CY2013,11,FY2013-Sep,2013,FY2013,38
18-Sep-13,18,18,Sep,9,CY2013-Sep,2013,CY2013,11,FY2013-Sep,2013,FY2013,38
19-Sep-13,19,19,Sep,9,CY2013-Sep,2013,CY2013,11,FY2013-Sep,2013,FY2013,38
20-Sep-13,20,20,Sep,9,CY2013-Sep,2013,CY2013,11,FY2013-Sep,2013,FY2013,38
21-Sep-13,21,21,Sep,9,CY2013-Sep,2013,CY2013,11,FY2013-Sep,2013,FY2013,38
22-Sep-13,22,22,Sep,9,CY2013-Sep,2013,CY2013,11,FY2013-Sep,2013,FY2013,38
23-Sep-13,23,23,Sep,9,CY2013-Sep,2013,CY2013,11,FY2013-Sep,2013,FY2013,39
24-Sep-13,24,24,Sep,9,CY2013-Sep,2013,CY2013,11,FY2013-Sep,2013,FY2013,39
25-Sep-13,25,25,Sep,9,CY2013-Sep,2013,CY2013,11,FY2013-Sep,2013,FY2013,39
26-Sep-13,26,26,Sep,9,CY2013-Sep,2013,CY2013,11,FY2013-Sep,2013,FY2013,39
27-Sep-13,27,27,Sep,9,CY2013-Sep,2013,CY2013,11,FY2013-Sep,2013,FY2013,39
28-Sep-13,28,28,Sep,9,CY2013-Sep,2013,CY2013,11,FY2013-Sep,2013,FY2013,39
29-Sep-13,29,29,Sep,9,CY2013-Sep,2013,CY2013,11,FY2013-Sep,2013,FY2013,39
30-Sep-13,30,30,Sep,9,CY2013-Sep,2013,CY2013,11,FY2013-Sep,2013,FY2013,40
1-Oct-13,1,1,Oct,10,CY2013-Oct,2013,CY2013,12,FY2013-Oct,2013,FY2013,40
2-Oct-13,2,2,Oct,10,CY2013-Oct,2013,CY2013,12,FY2013-Oct,2013,FY2013,40
3-Oct-13,3,3,Oct,10,CY2013-Oct,2013,CY2013,12,FY2013-Oct,2013,FY2013,40
4-Oct-13,4,4,Oct,10,CY2013-Oct,2013,CY2013,12,FY2013-Oct,2013,FY2013,40
5-Oct-13,5,5,Oct,10,CY2013-Oct,2013,CY2013,12,FY2013-Oct,2013,FY2013,40
6-Oct-13,6,6,Oct,10,CY2013-Oct,2013,CY2013,12,FY2013-Oct,2013,FY2013,40
7-Oct-13,7,7,Oct,10,CY2013-Oct,2013,CY2013,12,FY2013-Oct,2013,FY2013,41
8-Oct-13,8,8,Oct,10,CY2013-Oct,2013,CY2013,12,FY2013-Oct,2013,FY2013,41
9-Oct-13,9,9,Oct,10,CY2013-Oct,2013,CY2013,12,FY2013-Oct,2013,FY2013,41
10-Oct-13,10,10,Oct,10,CY2013-Oct,2013,CY2013,12,FY2013-Oct,2013,FY2013,41
11-Oct-13,11,11,Oct,10,CY2013-Oct,2013,CY2013,12,FY2013-Oct,2013,FY2013,41
12-Oct-13,12,12,Oct,10,CY2013-Oct,2013,CY2013,12,FY2013-Oct,2013,FY2013,41
13-Oct-13,13,13,Oct,10,CY2013-Oct,2013,CY2013,12,FY2013-Oct,2013,FY2013,41
14-Oct-13,14,14,Oct,10,CY2013-Oct,2013,CY2013,12,FY2013-Oct,2013,FY2013,42
15-Oct-13,15,15,Oct,10,CY2013-Oct,2013,CY2013,12,FY2013-Oct,2013,FY2013,42
16-Oct-13,16,16,Oct,10,CY2013-Oct,2013,CY2013,12,FY2013-Oct,2013,FY2013,42
17-Oct-13,17,17,Oct,10,CY2013-Oct,2013,CY2013,12,FY2013-Oct,2013,FY2013,42
18-Oct-13,18,18,Oct,10,CY2013-Oct,2013,CY2013,12,FY2013-Oct,2013,FY2013,42
19-Oct-13,19,19,Oct,10,CY2013-Oct,2013,CY2013,12,FY2013-Oct,2013,FY2013,42
20-Oct-13,20,20,Oct,10,CY2013-Oct,2013,CY2013,12,FY2013-Oct,2013,FY2013,42
21-Oct-13,21,21,Oct,10,CY2013-Oct,2013,CY2013,12,FY2013-Oct,2013,FY2013,43
22-Oct-13,22,22,Oct,10,CY2013-Oct,2013,CY2013,12,FY2013-Oct,2013,FY2013,43
23-Oct-13,23,23,Oct,10,CY2013-Oct,2013,CY2013,12,FY2013-Oct,2013,FY2013,43
24-Oct-13,24,24,Oct,10,CY2013-Oct,2013,CY2013,12,FY2013-Oct,2013,FY2013,43
25-Oct-13,25,25,Oct,10,CY2013-Oct,2013,CY2013,12,FY2013-Oct,2013,FY2013,43
26-Oct-13,26,26,Oct,10,CY2013-Oct,2013,CY2013,12,FY2013-Oct,2013,FY2013,43
27-Oct-13,27,27,Oct,10,CY2013-Oct,2013,CY2013,12,FY2013-Oct,2013,FY2013,43
28-Oct-13,28,28,Oct,10,CY2013-Oct,2013,CY2013,12,FY2013-Oct,2013,FY2013,44
29-Oct-13,29,29,Oct,10,CY2013-Oct,2013,CY2013,12,FY2013-Oct,2013,FY2013,44
30-Oct-13,30,30,Oct,10,CY2013-Oct,2013,CY2013,12,FY2013-Oct,2013,FY2013,44
31-Oct-13,31,31,Oct,10,CY2013-Oct,2013,CY2013,12,FY2013-Oct,2013,FY2013,44
1-Nov-16,1,1,Nov,11,CY2016-Nov,2016,CY2016,1,FY2017-Nov,2017,FY2017,44
2-Nov-16,2,2,Nov,11,CY2016-Nov,2016,CY2016,1,FY2017-Nov,2017,FY2017,44
3-Nov-16,3,3,Nov,11,CY2016-Nov,2016,CY2016,1,FY2017-Nov,2017,FY2017,44
4-Nov-16,4,4,Nov,11,CY2016-Nov,2016,CY2016,1,FY2017-Nov,2017,FY2017,44
5-Nov-16,5,5,Nov,11,CY2016-Nov,2016,CY2016,1,FY2017-Nov,2017,FY2017,44
6-Nov-16,6,6,Nov,11,CY2016-Nov,2016,CY2016,1,FY2017-Nov,2017,FY2017,44
7-Nov-16,7,7,Nov,11,CY2016-Nov,2016,CY2016,1,FY2017-Nov,2017,FY2017,45
8-Nov-16,8,8,Nov,11,CY2016-Nov,2016,CY2016,1,FY2017-Nov,2017,FY2017,45
9-Nov-16,9,9,Nov,11,CY2016-Nov,2016,CY2016,1,FY2017-Nov,2017,FY2017,45
10-Nov-16,10,10,Nov,11,CY2016-Nov,2016,CY2016,1,FY2017-Nov,2017,FY2017,45
11-Nov-16,11,11,Nov,11,CY2016-Nov,2016,CY2016,1,FY2017-Nov,2017,FY2017,45
12-Nov-16,12,12,Nov,11,CY2016-Nov,2016,CY2016,1,FY2017-Nov,2017,FY2017,45
13-Nov-16,13,13,Nov,11,CY2016-Nov,2016,CY2016,1,FY2017-Nov,2017,FY2017,45
14-Nov-16,14,14,Nov,11,CY2016-Nov,2016,CY2016,1,FY2017-Nov,2017,FY2017,46
15-Nov-16,15,15,Nov,11,CY2016-Nov,2016,CY2016,1,FY2017-Nov,2017,FY2017,46
16-Nov-16,16,16,Nov,11,CY2016-Nov,2016,CY2016,1,FY2017-Nov,2017,FY2017,46
17-Nov-16,17,17,Nov,11,CY2016-Nov,2016,CY2016,1,FY2017-Nov,2017,FY2017,46
18-Nov-16,18,18,Nov,11,CY2016-Nov,2016,CY2016,1,FY2017-Nov,2017,FY2017,46
19-Nov-16,19,19,Nov,11,CY2016-Nov,2016,CY2016,1,FY2017-Nov,2017,FY2017,46
20-Nov-16,20,20,Nov,11,CY2016-Nov,2016,CY2016,1,FY2017-Nov,2017,FY2017,46
21-Nov-16,21,21,Nov,11,CY2016-Nov,2016,CY2016,1,FY2017-Nov,2017,FY2017,47
22-Nov-16,22,22,Nov,11,CY2016-Nov,2016,CY2016,1,FY2017-Nov,2017,FY2017,47
23-Nov-16,23,23,Nov,11,CY2016-Nov,2016,CY2016,1,FY2017-Nov,2017,FY2017,47
24-Nov-16,24,24,Nov,11,CY2016-Nov,2016,CY2016,1,FY2017-Nov,2017,FY2017,47
25-Nov-16,25,25,Nov,11,CY2016-Nov,2016,CY2016,1,FY2017-Nov,2017,FY2017,47
26-Nov-16,26,26,Nov,11,CY2016-Nov,2016,CY2016,1,FY2017-Nov,2017,FY2017,47
27-Nov-16,27,27,Nov,11,CY2016-Nov,2016,CY2016,1,FY2017-Nov,2017,FY2017,47
28-Nov-16,28,28,Nov,11,CY2016-Nov,2016,CY2016,1,FY2017-Nov,2017,FY2017,48
29-Nov-16,29,29,Nov,11,CY2016-Nov,2016,CY2016,1,FY2017-Nov,2017,FY2017,48
30-Nov-16,30,30,Nov,11,CY2016-Nov,2016,CY2016,1,FY2017-Nov,2017,FY2017,48
1-Dec-16,1,1,Dec,12,CY2016-Dec,2016,CY2016,2,FY2017-Dec,2017,FY2017,48
2-Dec-16,2,2,Dec,12,CY2016-Dec,2016,CY2016,2,FY2017-Dec,2017,FY2017,48
3-Dec-16,3,3,Dec,12,CY2016-Dec,2016,CY2016,2,FY2017-Dec,2017,FY2017,48
4-Dec-16,4,4,Dec,12,CY2016-Dec,2016,CY2016,2,FY2017-Dec,2017,FY2017,48
5-Dec-16,5,5,Dec,12,CY2016-Dec,2016,CY2016,2,FY2017-Dec,2017,FY2017,49
6-Dec-16,6,6,Dec,12,CY2016-Dec,2016,CY2016,2,FY2017-Dec,2017,FY2017,49
7-Dec-16,7,7,Dec,12,CY2016-Dec,2016,CY2016,2,FY2017-Dec,2017,FY2017,49
8-Dec-16,8,8,Dec,12,CY2016-Dec,2016,CY2016,2,FY2017-Dec,2017,FY2017,49
9-Dec-16,9,9,Dec,12,CY2016-Dec,2016,CY2016,2,FY2017-Dec,2017,FY2017,49
10-Dec-16,10,10,Dec,12,CY2016-Dec,2016,CY2016,2,FY2017-Dec,2017,FY2017,49
11-Dec-16,11,11,Dec,12,CY2016-Dec,2016,CY2016,2,FY2017-Dec,2017,FY2017,49
12-Dec-16,12,12,Dec,12,CY2016-Dec,2016,CY2016,2,FY2017-Dec,2017,FY2017,50
13-Dec-16,13,13,Dec,12,CY2016-Dec,2016,CY2016,2,FY2017-Dec,2017,FY2017,50
14-Dec-16,14,14,Dec,12,CY2016-Dec,2016,CY2016,2,FY2017-Dec,2017,FY2017,50
15-Dec-16,15,15,Dec,12,CY2016-Dec,2016,CY2016,2,FY2017-Dec,2017,FY2017,50
16-Dec-16,16,16,Dec,12,CY2016-Dec,2016,CY2016,2,FY2017-Dec,2017,FY2017,50
17-Dec-16,17,17,Dec,12,CY2016-Dec,2016,CY2016,2,FY2017-Dec,2017,FY2017,50
18-Dec-16,18,18,Dec,12,CY2016-Dec,2016,CY2016,2,FY2017-Dec,2017,FY2017,50
19-Dec-16,19,19,Dec,12,CY2016-Dec,2016,CY2016,2,FY2017-Dec,2017,FY2017,51
20-Dec-16,20,20,Dec,12,CY2016-Dec,2016,CY2016,2,FY2017-Dec,2017,FY2017,51
21-Dec-16,21,21,Dec,12,CY2016-Dec,2016,CY2016,2,FY2017-Dec,2017,FY2017,51
22-Dec-16,22,22,Dec,12,CY2016-Dec,2016,CY2016,2,FY2017-Dec,2017,FY2017,51
23-Dec-16,23,23,Dec,12,CY2016-Dec,2016,CY2016,2,FY2017-Dec,2017,FY2017,51
24-Dec-16,24,24,Dec,12,CY2016-Dec,2016,CY2016,2,FY2017-Dec,2017,FY2017,51
25-Dec-16,25,25,Dec,12,CY2016-Dec,2016,CY2016,2,FY2017-Dec,2017,FY2017,51
26-Dec-16,26,26,Dec,12,CY2016-Dec,2016,CY2016,2,FY2017-Dec,2017,FY2017,52
27-Dec-16,27,27,Dec,12,CY2016-Dec,2016,CY2016,2,FY2017-Dec,2017,FY2017,52
28-Dec-16,28,28,Dec,12,CY2016-Dec,2016,CY2016,2,FY2017-Dec,2017,FY2017,52
29-Dec-16,29,29,Dec,12,CY2016-Dec,2016,CY2016,2,FY2017-Dec,2017,FY2017,52
30-Dec-16,30,30,Dec,12,CY2016-Dec,2016,CY2016,2,FY2017-Dec,2017,FY2017,52
31-Dec-16,31,31,Dec,12,CY2016-Dec,2016,CY2016,2,FY2017-Dec,2017,FY2017,52
