Stock Item Key,Stock Item,Color,Selling Package,Buying Package,Brand,Size,Lead Time Days,Quantity Per Outer,Is Chiller Stock,Tax Rate,Unit Price,Recommended Retail Price,Typical Weight Per Unit,Cost Price,Stock Category,Subcategory,Manufacturing Country,Availability
1,Void fill 400 L bag (White) 400L,White,Blister Pack,Blister Pack,Hasbro,400L,14,10,FALSE,14,50,74.75,1,35.43,Accessories,Computer Acc,Japan,In Stock
2,Void fill 300 L bag (White) 300L,White,Unit,Unit,Sony,300L,14,10,FALSE,14,37.5,56.06,0.75,28.25,Equipment,Workshop Tools,India,Backorder
3,Void fill 200 L bag (White) 200L,White,Shrink Wrap,Shrink Wrap,Sony,200L,14,10,FALSE,14,25,37.38,0.5,13.36,Accessories,Computer Acc,Germany,Backorder
4,Void fill 100 L bag (White) 100L,White,Unit,Shrink Wrap,Sony,100L,14,10,FALSE,14,12.5,18.69,0.25,8.64,Novelty,Gift Items,Germany,In Stock
5,Air cushion machine (Blue),Blue,Pack,Shrink Wrap,Hasbro,Standard,20,1,FALSE,20,1899,2839.01,10,1304.89,Accessories,Computer Acc,China,In Stock
6,Air cushion film 200mmx200mm 325m,No Color,Shrink Wrap,Blister Pack,Mattel,325m,14,1,FALSE,14,90,134.55,6,49.41,Packing Materials,Shipping Supplies,Japan,Backorder
7,Air cushion film 200mmx100mm 325m,No Color,Blister Pack,Blister Pack,Sony,325m,14,1,FALSE,14,87,130.07,5,59.6,Clothing,T-Shirts,Japan,In Stock
8,Large  replacement blades 18mm,No Color,Shrink Wrap,Shrink Wrap,Hasbro,18mm,14,10,FALSE,14,4.3,6.43,0.8,2.72,Equipment,Workshop Tools,Vietnam,Backorder
9,Small 9mm replacement blades 9mm,No Color,Blister Pack,Pack,Bandai,9mm,14,10,FALSE,14,4.1,6.13,0.7,3.15,Accessories,Computer Acc,India,In Stock
10,Packing knife with metal insert blade (Yellow) 18mm,Yellow,Blister Pack,Shrink Wrap,LEGO,18mm,14,5,FALSE,14,2.4,3.59,0.5,1.65,Toys,Action Figures,Germany,In Stock
11,Packing knife with metal insert blade (Yellow) 9mm,Yellow,Shrink Wrap,Unit,Bandai,9mm,14,5,FALSE,14,1.89,2.83,0.5,1.12,Accessories,Computer Acc,Germany,In Stock
12,Permanent marker red 5mm nib (Red) 5mm,Red,Shrink Wrap,Shrink Wrap,LEGO,5mm,14,12,FALSE,14,2.7,4.04,0.1,1.66,Packing Materials,Shipping Supplies,Vietnam,In Stock
13,Permanent marker blue 5mm nib (Blue) 5mm,Blue,Unit,Unit,Bandai,5mm,14,12,FALSE,14,2.7,4.04,0.1,1.57,Packing Materials,Shipping Supplies,India,In Stock
14,Permanent marker black 5mm nib (Black) 5mm,Black,Unit,Pack,LEGO,5mm,14,12,FALSE,14,2.7,4.04,0.1,1.39,Packing Materials,Shipping Supplies,Japan,In Stock
15,Tape dispenser (Blue),Blue,Unit,Shrink Wrap,Hasbro,Standard,20,10,FALSE,20,32,47.84,1,16.11,Equipment,Workshop Tools,Vietnam,In Stock
16,Tape dispenser (Red),Red,Blister Pack,Blister Pack,Mattel,Standard,20,10,FALSE,20,32,47.84,1,20.42,Clothing,T-Shirts,China,In Stock
17,Tape dispenser (Black),Black,Blister Pack,Unit,Hasbro,Standard,20,10,FALSE,20,32,47.84,1,21.28,Toys,Action Figures,Japan,In Stock
18,Red and white urgent  heavy despatch tape  48mmx100m,No Color,Shrink Wrap,Pack,Sony,48mmx100m,14,24,FALSE,14,4.1,6.13,0.7,2.23,Novelty,Gift Items,India,In Stock
19,Red and white urgent despatch tape 48mmx75m,No Color,Shrink Wrap,Shrink Wrap,Sony,48mmx75m,14,24,FALSE,14,3.7,5.53,0.5,1.9,Accessories,Computer Acc,India,In Stock
20,Black and yellow heavy despatch tape 48mmx100m,No Color,Shrink Wrap,Blister Pack,Mattel,48mmx100m,14,24,FALSE,14,4.1,6.13,0.7,3.03,Novelty,Gift Items,Japan,In Stock
21,Black and yellow heavy despatch tape  48mmx75m,No Color,Blister Pack,Pack,LEGO,48mmx75m,14,24,FALSE,14,3.7,5.53,0.5,2.79,Equipment,Workshop Tools,Germany,In Stock
22,Black and orange this way up despatch tape  48mmx100m,No Color,Pack,Blister Pack,Hasbro,48mmx100m,14,24,FALSE,14,4.1,6.13,0.7,2.65,Packing Materials,Shipping Supplies,Germany,Backorder
23,Black and orange this way up despatch tape 48mmx75m,No Color,Blister Pack,Shrink Wrap,LEGO,48mmx75m,14,24,FALSE,14,3.7,5.53,0.5,2.09,Clothing,T-Shirts,India,Backorder
24,Black and orange handle with care despatch tape  48mmx100m,No Color,Blister Pack,Unit,Sony,48mmx100m,14,24,FALSE,14,4.1,6.13,0.7,2.18,Equipment,Workshop Tools,China,In Stock
25,Black and orange handle with care despatch tape  48mmx75m,No Color,Blister Pack,Unit,Mattel,48mmx75m,14,24,FALSE,14,3.7,5.53,0.5,2.74,Toys,Action Figures,Vietnam,In Stock
26,Black and orange glass with care despatch tape  48mmx100m,No Color,Pack,Pack,LEGO,48mmx100m,14,24,FALSE,14,4.1,6.13,0.7,2.37,Toys,Action Figures,China,In Stock
27,Black and orange glass with care despatch tape 48mmx75m,No Color,Pack,Blister Pack,Mattel,48mmx75m,14,24,FALSE,14,3.7,5.53,0.5,2.37,Novelty,Gift Items,Germany,Backorder
28,Black and orange fragile despatch tape 48mmx100m,No Color,Unit,Shrink Wrap,Bandai,48mmx100m,14,36,FALSE,14,4.1,6.13,0.7,2.84,Toys,Action Figures,Japan,In Stock
29,Black and orange fragile despatch tape 48mmx75m,No Color,Unit,Pack,Mattel,48mmx75m,14,36,FALSE,14,3.7,5.53,0.5,2.55,Novelty,Gift Items,Vietnam,Backorder
30,Clear packaging tape 48mmx100m,No Color,Unit,Blister Pack,Sony,48mmx100m,14,20,FALSE,14,3.5,5.23,0.7,1.8,Accessories,Computer Acc,Japan,Backorder
31,Clear packaging tape 48mmx75m,No Color,Blister Pack,Unit,Sony,48mmx75m,14,26,FALSE,14,2.9,4.34,0.5,2.11,Packing Materials,Shipping Supplies,China,In Stock
32,3 kg Courier post bag (White) 300x190x95mm,White,Pack,Blister Pack,Mattel,300x190x95mm,14,25,FALSE,14,0.66,0.99,0.1,0.38,Equipment,Workshop Tools,India,In Stock
33,Express post box 5kg (White) 350x280x130mm,White,Unit,Pack,Mattel,350x280x130mm,14,25,FALSE,14,0.95,1.42,0.2,0.64,Accessories,Computer Acc,Japan,In Stock
34,Shipping carton (Brown) 457x457x457mm,Brown,Shrink Wrap,Pack,Bandai,457x457x457mm,14,25,FALSE,14,2.1,3.14,0.4,1.16,Clothing,T-Shirts,Germany,In Stock
35,Shipping carton (Brown) 356x356x279mm,Brown,Blister Pack,Unit,Hasbro,356x356x279mm,14,25,FALSE,14,2.04,3.05,0.3,1.27,Equipment,Workshop Tools,Vietnam,In Stock
36,Shipping carton (Brown) 305x305x305mm,Brown,Pack,Blister Pack,Mattel,305x305x305mm,14,25,FALSE,14,3.5,5.23,0.3,2.66,Clothing,T-Shirts,India,In Stock
37,Shipping carton (Brown) 480x270x320mm,Brown,Unit,Blister Pack,Sony,480x270x320mm,14,25,FALSE,14,2.74,4.1,0.4,1.43,Toys,Action Figures,Germany,In Stock
38,Shipping carton (Brown) 457x279x279mm,Brown,Pack,Shrink Wrap,Mattel,457x279x279mm,14,25,FALSE,14,1.28,1.91,0.4,0.66,Clothing,T-Shirts,Japan,Backorder
39,Shipping carton (Brown) 356x229x229mm,Brown,Shrink Wrap,Unit,Mattel,356x229x229mm,14,25,FALSE,14,1.14,1.7,0.4,0.73,Equipment,Workshop Tools,China,Backorder
40,Shipping carton (Brown) 279x254x217mm,Brown,Pack,Blister Pack,Hasbro,279x254x217mm,14,25,FALSE,14,1.11,1.66,0.3,0.88,Clothing,T-Shirts,Japan,Backorder
41,Shipping carton (Brown) 229x229x229mm,Brown,Pack,Blister Pack,LEGO,229x229x229mm,14,25,FALSE,14,1.05,1.57,0.3,0.53,Equipment,Workshop Tools,Japan,In Stock
42,Shipping carton (Brown) 500x310x310mm,Brown,Pack,Pack,LEGO,500x310x310mm,14,25,FALSE,14,2.55,3.81,0.4,1.32,Clothing,T-Shirts,Japan,Backorder
43,Shipping carton (Brown) 413x285x187mm,Brown,Pack,Unit,Mattel,413x285x187mm,14,25,FALSE,14,1.05,1.57,0.3,0.81,Packing Materials,Shipping Supplies,Vietnam,In Stock
44,Bubblewrap dispenser (Red) 1.5m,Red,Unit,Pack,LEGO,1.5m,14,1,FALSE,14,240,358.8,10,158.13,Clothing,T-Shirts,Germany,In Stock
45,Bubblewrap dispenser (Blue) 1.5m,Blue,Shrink Wrap,Shrink Wrap,Mattel,1.5m,14,1,FALSE,14,240,358.8,10,186.49,Novelty,Gift Items,Japan,In Stock
46,Bubblewrap dispenser (Black) 1.5m,Black,Shrink Wrap,Shrink Wrap,LEGO,1.5m,14,1,FALSE,14,240,358.8,10,130.93,Equipment,Workshop Tools,Japan,In Stock
47,32 mm Anti static bubble wrap (Blue) 50m,Blue,Unit,Pack,Hasbro,50m,14,10,FALSE,14,105,156.98,10,79.19,Packing Materials,Shipping Supplies,China,In Stock
48,32 mm Anti static bubble wrap (Blue) 20m,Blue,Pack,Shrink Wrap,Mattel,20m,14,10,FALSE,14,48,71.76,6,26.3,Clothing,T-Shirts,Japan,Backorder
49,32 mm Anti static bubble wrap (Blue) 10m,Blue,Pack,Pack,Bandai,10m,14,10,FALSE,14,32,47.84,5,17.21,Novelty,Gift Items,India,Backorder
50,20 mm Anti static bubble wrap (Blue) 50m,Blue,Unit,Blister Pack,Mattel,50m,14,10,FALSE,14,102,152.49,10,69.32,Novelty,Gift Items,Germany,In Stock
51,20 mm Anti static bubble wrap (Blue) 20m,Blue,Blister Pack,Blister Pack,Hasbro,20m,14,10,FALSE,14,45,67.28,6,28.84,Clothing,T-Shirts,China,In Stock
52,20 mm Anti static bubble wrap (Blue) 10m,Blue,Blister Pack,Shrink Wrap,Hasbro,10m,14,10,FALSE,14,29,43.36,5,16.11,Accessories,Computer Acc,Vietnam,Backorder
53,10 mm Anti static bubble wrap (Blue) 50m,Blue,Shrink Wrap,Pack,LEGO,50m,14,10,FALSE,14,99,148.01,10,74.23,Clothing,T-Shirts,China,In Stock
54,10 mm Anti static bubble wrap (Blue) 20m,Blue,Pack,Unit,Bandai,20m,14,10,FALSE,14,42,62.79,6,23.14,Accessories,Computer Acc,Germany,In Stock
55,10 mm Anti static bubble wrap (Blue) 10m,Blue,Shrink Wrap,Shrink Wrap,LEGO,10m,14,10,FALSE,14,26,38.87,5,13.26,Packing Materials,Shipping Supplies,Germany,In Stock
56,32 mm Double sided bubble wrap 50m,No Color,Unit,Unit,Mattel,50m,14,10,FALSE,14,112,167.44,10,67.11,Toys,Action Figures,India,In Stock
57,32 mm Double sided bubble wrap 20m,No Color,Blister Pack,Pack,Bandai,20m,14,10,FALSE,14,37,55.32,6,21.71,Packing Materials,Shipping Supplies,Japan,Backorder
58,32 mm Double sided bubble wrap 10m,No Color,Pack,Blister Pack,Sony,10m,14,10,FALSE,14,22,32.89,5,16.91,Equipment,Workshop Tools,India,In Stock
59,20 mm Double sided bubble wrap 50m,No Color,Shrink Wrap,Shrink Wrap,Hasbro,50m,14,10,FALSE,14,108,161.46,10,57.2,Clothing,T-Shirts,Germany,In Stock
60,20 mm Double sided bubble wrap 20m,No Color,Unit,Unit,LEGO,20m,14,10,FALSE,14,33,49.34,6,23.59,Novelty,Gift Items,India,Backorder
61,20 mm Double sided bubble wrap 10m,No Color,Shrink Wrap,Blister Pack,LEGO,10m,14,10,FALSE,14,18,26.91,5,14.04,Novelty,Gift Items,Japan,In Stock
62,10 mm Double sided bubble wrap 50m,No Color,Blister Pack,Shrink Wrap,Sony,50m,14,10,FALSE,14,105,156.98,10,54.61,Accessories,Computer Acc,Germany,Backorder
63,10 mm Double sided bubble wrap 20m,No Color,Blister Pack,Blister Pack,LEGO,20m,14,10,FALSE,14,30,44.85,6,18.76,Clothing,T-Shirts,China,In Stock
64,10 mm Double sided bubble wrap 10m,No Color,Blister Pack,Blister Pack,Hasbro,10m,14,10,FALSE,14,15,22.43,5,8.58,Packing Materials,Shipping Supplies,China,In Stock
65,Large sized bubblewrap roll 50m,No Color,Shrink Wrap,Unit,Bandai,50m,14,10,FALSE,14,24,35.88,10,18.91,Equipment,Workshop Tools,Germany,In Stock
66,Medium sized bubblewrap roll 20m,No Color,Unit,Shrink Wrap,Bandai,20m,14,10,FALSE,14,20,29.9,6,15.67,Equipment,Workshop Tools,China,Backorder
67,Small sized bubblewrap roll 10m,No Color,Shrink Wrap,Unit,Mattel,10m,14,10,FALSE,14,4.5,6.73,5,2.86,Equipment,Workshop Tools,Germany,In Stock
68,Pack of 12 action figures (female),female,Packet,Packet,Mattel,Standard,2,1,FALSE,2,16,23.92,0.25,12.67,Equipment,Workshop Tools,Japan,In Stock
69,Pack of 12 action figures (male),male,Packet,Packet,Bandai,Standard,2,1,FALSE,2,16,23.92,0.25,10.66,Toys,Action Figures,Vietnam,Backorder
70,Pack of 12 action figures (variety),variety,Packet,Packet,LEGO,Standard,2,1,FALSE,2,16,23.92,0.25,11.77,Equipment,Workshop Tools,India,In Stock
71,Halloween skull mask (Gray) XL,Gray,Pack,Carton,Mattel,XL,12,12,FALSE,12,18,26.91,0.3,13.54,Equipment,Workshop Tools,Vietnam,In Stock
72,Halloween skull mask (Gray) L,Gray,Unit,Carton,LEGO,L,12,12,FALSE,12,18,26.91,0.3,11.37,Accessories,Computer Acc,Germany,In Stock
73,Halloween skull mask (Gray) M,Gray,Pack,Carton,Bandai,M,12,12,FALSE,12,18,26.91,0.3,9.27,Accessories,Computer Acc,Germany,In Stock
74,Halloween skull mask (Gray) S,Gray,Unit,Carton,Hasbro,S,12,12,FALSE,12,18,26.91,0.3,12.23,Novelty,Gift Items,Germany,In Stock
75,Halloween zombie mask (Light Brown) XL,Light Brown,Shrink Wrap,Carton,Mattel,XL,12,12,FALSE,12,18,26.91,0.3,11.88,Novelty,Gift Items,Germany,In Stock
76,Halloween zombie mask (Light Brown) L,Light Brown,Blister Pack,Carton,LEGO,L,12,12,FALSE,12,18,26.91,0.3,9.06,Equipment,Workshop Tools,China,Backorder
77,Halloween zombie mask (Light Brown) M,Light Brown,Unit,Carton,Hasbro,M,12,12,FALSE,12,18,26.91,0.3,12.74,Accessories,Computer Acc,Germany,Backorder
78,Halloween zombie mask (Light Brown) S,Light Brown,Pack,Carton,Sony,S,12,12,FALSE,12,18,26.91,0.3,9.59,Clothing,T-Shirts,China,In Stock
79,Furry animal socks (Pink) XL,Pink,Pair,Packet,Sony,XL,12,12,FALSE,12,5,7.48,0.1,3.16,Toys,Action Figures,India,In Stock
80,Furry animal socks (Pink) L,Pink,Pair,Packet,Mattel,L,12,12,FALSE,12,5,7.48,0.1,3.68,Novelty,Gift Items,Japan,In Stock
81,Furry animal socks (Pink) M,Pink,Pair,Packet,Sony,M,12,12,FALSE,12,5,7.48,0.1,3.85,Novelty,Gift Items,Germany,In Stock
82,Furry animal socks (Pink) S,Pink,Pair,Packet,Mattel,S,12,12,FALSE,12,5,7.48,0.1,3.34,Packing Materials,Shipping Supplies,Japan,In Stock
83,Animal with big feet slippers (Brown) XL,Brown,Blister Pack,Blister Pack,Mattel,XL,12,1,FALSE,12,32,47.84,0.4,22.93,Packing Materials,Shipping Supplies,India,Backorder
84,Animal with big feet slippers (Brown) L,Brown,Blister Pack,Shrink Wrap,Mattel,L,12,1,FALSE,12,32,47.84,0.35,20.52,Toys,Action Figures,Japan,Backorder
85,Animal with big feet slippers (Brown) M,Brown,Shrink Wrap,Shrink Wrap,Bandai,M,12,1,FALSE,12,32,47.84,0.35,17.08,Clothing,T-Shirts,Japan,Backorder
86,Animal with big feet slippers (Brown) S,Brown,Shrink Wrap,Unit,LEGO,S,12,1,FALSE,12,32,47.84,0.35,17.27,Novelty,Gift Items,Germany,In Stock
87,Furry gorilla with big eyes slippers (Black) XL,Black,Unit,Shrink Wrap,Sony,XL,12,1,FALSE,12,32,47.84,0.4,21.12,Equipment,Workshop Tools,India,In Stock
88,Furry gorilla with big eyes slippers (Black) L,Black,Unit,Pack,Bandai,L,12,1,FALSE,12,32,47.84,0.35,18.45,Novelty,Gift Items,Vietnam,In Stock
89,Furry gorilla with big eyes slippers (Black) M,Black,Unit,Unit,Hasbro,M,12,1,FALSE,12,32,47.84,0.35,20.59,Accessories,Computer Acc,China,In Stock
90,Furry gorilla with big eyes slippers (Black) S,Black,Shrink Wrap,Blister Pack,LEGO,S,12,1,FALSE,12,32,47.84,0.35,16.67,Clothing,T-Shirts,India,In Stock
91,Plush shark slippers (Gray) XL,Gray,Blister Pack,Blister Pack,Mattel,XL,12,1,FALSE,12,32,47.84,0.4,23.98,Novelty,Gift Items,Japan,In Stock
92,Plush shark slippers (Gray) L,Gray,Unit,Pack,Hasbro,L,12,1,FALSE,12,32,47.84,0.35,20.71,Toys,Action Figures,India,In Stock
93,Plush shark slippers (Gray) M,Gray,Pack,Unit,Bandai,M,12,1,FALSE,12,32,47.84,0.35,17.34,Clothing,T-Shirts,Vietnam,In Stock
94,Plush shark slippers (Gray) S,Gray,Shrink Wrap,Blister Pack,Mattel,S,12,1,FALSE,12,32,47.84,0.35,16.69,Novelty,Gift Items,China,In Stock
95,Ogre battery-powered slippers (Green) XL,Green,Shrink Wrap,Shrink Wrap,Hasbro,XL,12,1,FALSE,12,32,47.84,0.4,24.86,Packing Materials,Shipping Supplies,Vietnam,In Stock
96,Ogre battery-powered slippers (Green) L,Green,Blister Pack,Pack,Mattel,L,12,1,FALSE,12,32,47.84,0.35,17.07,Novelty,Gift Items,India,In Stock
97,Ogre battery-powered slippers (Green) M,Green,Shrink Wrap,Unit,Mattel,M,12,1,FALSE,12,32,47.84,0.35,25.14,Novelty,Gift Items,Japan,In Stock
98,Ogre battery-powered slippers (Green) S,Green,Pack,Shrink Wrap,LEGO,S,12,1,FALSE,12,32,47.84,0.35,19.49,Clothing,T-Shirts,China,In Stock
99,Dinosaur battery-powered slippers (Green) XL,Green,Pack,Unit,Bandai,XL,12,1,FALSE,12,32,47.84,0.4,20.12,Novelty,Gift Items,Vietnam,In Stock
100,Dinosaur battery-powered slippers (Green) L,Green,Shrink Wrap,Unit,Sony,L,12,1,FALSE,12,32,47.84,0.35,19.09,Novelty,Gift Items,India,In Stock
101,Dinosaur battery-powered slippers (Green) M,Green,Unit,Pack,Hasbro,M,12,1,FALSE,12,32,47.84,0.35,20.13,Toys,Action Figures,India,In Stock
102,Dinosaur battery-powered slippers (Green) S,Green,Unit,Pack,Hasbro,S,12,1,FALSE,12,32,47.84,0.35,22.22,Novelty,Gift Items,India,Backorder
103,Superhero action jacket (Blue) 5XL,Blue,Pack,Pack,Bandai,5XL,12,1,FALSE,12,34,50.83,0.4,25.96,Packing Materials,Shipping Supplies,Germany,Backorder
104,Superhero action jacket (Blue) 4XL,Blue,Unit,Shrink Wrap,Hasbro,4XL,12,1,FALSE,12,34,50.83,0.4,21.3,Clothing,T-Shirts,Germany,In Stock
105,Superhero action jacket (Blue) 3XL,Blue,Pack,Pack,Hasbro,3XL,12,1,FALSE,12,34,50.83,0.4,22.53,Toys,Action Figures,India,In Stock
106,Superhero action jacket (Blue) XXL,Blue,Pack,Shrink Wrap,Bandai,XXL,12,1,FALSE,12,30,44.85,0.35,16.34,Clothing,T-Shirts,Japan,In Stock
107,Superhero action jacket (Blue) XL,Blue,Shrink Wrap,Blister Pack,LEGO,XL,12,1,FALSE,12,30,44.85,0.35,20.63,Toys,Action Figures,China,Backorder
108,Superhero action jacket (Blue) L,Blue,Pack,Blister Pack,Hasbro,L,12,1,FALSE,12,30,44.85,0.35,18.6,Equipment,Workshop Tools,India,Backorder
109,Superhero action jacket (Blue) M,Blue,Shrink Wrap,Blister Pack,Mattel,M,12,1,FALSE,12,30,44.85,0.35,22.15,Clothing,T-Shirts,India,In Stock
110,Superhero action jacket (Blue) S,Blue,Shrink Wrap,Blister Pack,LEGO,S,12,1,FALSE,12,25,37.38,0.3,18,Novelty,Gift Items,India,In Stock
111,Superhero action jacket (Blue) XS,Blue,Unit,Pack,Sony,XS,12,1,FALSE,12,25,37.38,0.3,15.08,Accessories,Computer Acc,Germany,In Stock
112,Superhero action jacket (Blue) XXS,Blue,Unit,Unit,LEGO,XXS,12,1,FALSE,12,25,37.38,0.3,16.01,Equipment,Workshop Tools,Germany,In Stock
113,Superhero action jacket (Blue) 3XS,Blue,Unit,Blister Pack,Mattel,3XS,12,1,FALSE,12,25,37.38,0.3,18.39,Clothing,T-Shirts,Japan,In Stock
114,Alien officer hoodie (Black) 5XL,Black,Unit,Blister Pack,LEGO,5XL,12,1,FALSE,12,35,52.33,0.4,26.63,Equipment,Workshop Tools,Germany,In Stock
115,Alien officer hoodie (Black) 4XL,Black,Unit,Unit,Sony,4XL,12,1,FALSE,12,35,52.33,0.4,22.89,Clothing,T-Shirts,Japan,In Stock
116,Alien officer hoodie (Black) 3XL,Black,Pack,Unit,Bandai,3XL,12,1,FALSE,12,35,52.33,0.4,22.6,Equipment,Workshop Tools,Vietnam,In Stock
117,Alien officer hoodie (Black) XXL,Black,Blister Pack,Unit,Hasbro,XXL,12,1,FALSE,12,35,52.33,0.4,27.25,Packing Materials,Shipping Supplies,Vietnam,In Stock
118,Alien officer hoodie (Black) XL,Black,Blister Pack,Pack,Sony,XL,12,1,FALSE,12,35,52.33,0.4,27.89,Clothing,T-Shirts,India,In Stock
119,"""The Gu"" red shirt XML tag t-shirt (Black) 7XL",Black,Shrink Wrap,Carton,Mattel,7XL,7,12,FALSE,7,18,26.91,0.45,12.38,Novelty,Gift Items,Germany,In Stock
120,"""The Gu"" red shirt XML tag t-shirt (Black) 6XL",Black,Pack,Carton,Mattel,6XL,7,12,FALSE,7,18,26.91,0.4,12.2,Toys,Action Figures,India,Backorder
121,"""The Gu"" red shirt XML tag t-shirt (Black) 5XL",Black,Shrink Wrap,Carton,Mattel,5XL,7,12,FALSE,7,18,26.91,0.4,13.86,Clothing,T-Shirts,Vietnam,Backorder
122,"""The Gu"" red shirt XML tag t-shirt (Black) 4XL",Black,Unit,Carton,Sony,4XL,7,12,FALSE,7,18,26.91,0.4,9.17,Packing Materials,Shipping Supplies,China,In Stock
123,"""The Gu"" red shirt XML tag t-shirt (Black) 3XL",Black,Blister Pack,Carton,Mattel,3XL,7,12,FALSE,7,18,26.91,0.4,10.97,Toys,Action Figures,Vietnam,In Stock
124,"""The Gu"" red shirt XML tag t-shirt (Black) XXL",Black,Shrink Wrap,Carton,Bandai,XXL,7,12,FALSE,7,18,26.91,0.4,12.15,Toys,Action Figures,China,In Stock
125,"""The Gu"" red shirt XML tag t-shirt (Black) XL",Black,Shrink Wrap,Carton,LEGO,XL,7,12,FALSE,7,18,26.91,0.35,11.43,Packing Materials,Shipping Supplies,India,In Stock
126,"""The Gu"" red shirt XML tag t-shirt (Black) L",Black,Pack,Carton,Sony,L,7,12,FALSE,7,18,26.91,0.35,11.99,Clothing,T-Shirts,Vietnam,In Stock
127,"""The Gu"" red shirt XML tag t-shirt (Black) M",Black,Blister Pack,Carton,Bandai,M,7,12,FALSE,7,18,26.91,0.35,12.83,Clothing,T-Shirts,China,In Stock
128,"""The Gu"" red shirt XML tag t-shirt (Black) S",Black,Blister Pack,Carton,Hasbro,S,7,12,FALSE,7,18,26.91,0.3,11.74,Packing Materials,Shipping Supplies,India,In Stock
129,"""The Gu"" red shirt XML tag t-shirt (Black) XS",Black,Blister Pack,Carton,LEGO,XS,7,12,FALSE,7,18,26.91,0.25,14.18,Toys,Action Figures,Japan,Backorder
130,"""The Gu"" red shirt XML tag t-shirt (Black) XXS",Black,Pack,Carton,Bandai,XXS,7,12,FALSE,7,18,26.91,0.25,13.44,Clothing,T-Shirts,China,Backorder
131,"""The Gu"" red shirt XML tag t-shirt (Black) 3XS",Black,Unit,Carton,Mattel,3XS,7,12,FALSE,7,18,26.91,0.25,10.81,Accessories,Computer Acc,Vietnam,In Stock
132,"""The Gu"" red shirt XML tag t-shirt (White) 7XL",White,Pack,Carton,LEGO,7XL,7,12,FALSE,7,18,26.91,0.45,13.01,Clothing,T-Shirts,India,In Stock
133,"""The Gu"" red shirt XML tag t-shirt (White) 6XL",White,Unit,Carton,Mattel,6XL,7,12,FALSE,7,18,26.91,0.4,12.41,Equipment,Workshop Tools,Japan,In Stock
134,"""The Gu"" red shirt XML tag t-shirt (White) 5XL",White,Shrink Wrap,Carton,LEGO,5XL,7,12,FALSE,7,18,26.91,0.4,12.91,Packing Materials,Shipping Supplies,India,Backorder
135,"""The Gu"" red shirt XML tag t-shirt (White) 4XL",White,Pack,Carton,Bandai,4XL,7,12,FALSE,7,18,26.91,0.4,10.31,Toys,Action Figures,Japan,In Stock
136,"""The Gu"" red shirt XML tag t-shirt (White) 3XL",White,Blister Pack,Carton,Mattel,3XL,7,12,FALSE,7,18,26.91,0.4,9.4,Accessories,Computer Acc,Vietnam,Backorder
137,"""The Gu"" red shirt XML tag t-shirt (White) XXL",White,Pack,Carton,Hasbro,XXL,7,12,FALSE,7,18,26.91,0.4,9.5,Accessories,Computer Acc,Vietnam,In Stock
138,"""The Gu"" red shirt XML tag t-shirt (White) XL",White,Unit,Carton,Hasbro,XL,7,12,FALSE,7,18,26.91,0.35,11.63,Packing Materials,Shipping Supplies,India,In Stock
139,"""The Gu"" red shirt XML tag t-shirt (White) L",White,Pack,Carton,Mattel,L,7,12,FALSE,7,18,26.91,0.35,13.41,Accessories,Computer Acc,Japan,In Stock
140,"""The Gu"" red shirt XML tag t-shirt (White) M",White,Unit,Carton,LEGO,M,7,12,FALSE,7,18,26.91,0.35,10.5,Accessories,Computer Acc,Japan,In Stock
141,"""The Gu"" red shirt XML tag t-shirt (White) S",White,Unit,Carton,LEGO,S,7,12,FALSE,7,18,26.91,0.3,9.88,Equipment,Workshop Tools,China,Backorder
142,"""The Gu"" red shirt XML tag t-shirt (White) XS",White,Blister Pack,Carton,Bandai,XS,7,12,FALSE,7,18,26.91,0.25,10.21,Toys,Action Figures,China,In Stock
143,"""The Gu"" red shirt XML tag t-shirt (White) XXS",White,Unit,Carton,LEGO,XXS,7,12,FALSE,7,18,26.91,0.25,12.99,Accessories,Computer Acc,Vietnam,In Stock
144,"""The Gu"" red shirt XML tag t-shirt (White) 3XS",White,Pack,Carton,Mattel,3XS,7,12,FALSE,7,18,26.91,0.25,14.12,Packing Materials,Shipping Supplies,India,In Stock
145,Ride on big wheel monster truck (Black) 1/12 scale,Black,Blister Pack,Blister Pack,Northwind,1/12 scale,14,1,FALSE,14,345,515.78,21,247.06,Toys,Action Figures,China,In Stock
146,Ride on vintage American toy coupe (Black) 1/12 scale,Black,Blister Pack,Pack,Northwind,1/12 scale,14,1,FALSE,14,285,426.08,18,219.3,Novelty,Gift Items,Japan,In Stock
147,Ride on vintage American toy coupe (Red) 1/12 scale,Red,Shrink Wrap,Unit,Northwind,1/12 scale,14,1,FALSE,14,285,426.08,18,226.96,Accessories,Computer Acc,India,Backorder
148,Ride on toy sedan car (Pink) 1/12 scale,Pink,Blister Pack,Unit,Northwind,1/12 scale,14,1,FALSE,14,230,343.85,15,153.06,Clothing,T-Shirts,Vietnam,In Stock
149,Ride on toy sedan car (Yellow) 1/12 scale,Yellow,Unit,Blister Pack,Northwind,1/12 scale,14,1,FALSE,14,230,343.85,15,144.3,Packing Materials,Shipping Supplies,India,In Stock
150,Ride on toy sedan car (Green) 1/12 scale,Green,Shrink Wrap,Blister Pack,Northwind,1/12 scale,14,1,FALSE,14,230,343.85,15,183.71,Novelty,Gift Items,Japan,In Stock
151,Ride on toy sedan car (Blue) 1/12 scale,Blue,Shrink Wrap,Pack,Northwind,1/12 scale,14,1,FALSE,14,230,343.85,15,133.65,Packing Materials,Shipping Supplies,China,In Stock
152,Ride on toy sedan car (Red) 1/12 scale,Red,Pack,Pack,Northwind,1/12 scale,14,1,FALSE,14,230,343.85,15,131.7,Clothing,T-Shirts,Germany,Backorder
153,Ride on toy sedan car (Black) 1/12 scale,Black,Blister Pack,Unit,Northwind,1/12 scale,14,1,FALSE,14,230,343.85,15,154.06,Accessories,Computer Acc,India,In Stock
154,RC big wheel monster truck with remote control (Black) 1/50 scale,Black,Blister Pack,Blister Pack,Northwind,1/50 scale,14,1,FALSE,14,45,67.28,1.8,33.42,Novelty,Gift Items,China,In Stock
155,RC vintage American toy coupe with remote control (Black) 1/50 scale,Black,Pack,Pack,Northwind,1/50 scale,14,1,FALSE,14,30,44.85,1.7,17.82,Clothing,T-Shirts,India,In Stock
156,RC vintage American toy coupe with remote control (Red) 1/50 scale,Red,Blister Pack,Unit,Northwind,1/50 scale,14,1,FALSE,14,30,44.85,1.7,19.03,Packing Materials,Shipping Supplies,China,In Stock
157,RC toy sedan car with remote control (Pink) 1/50 scale,Pink,Pack,Pack,Northwind,1/50 scale,14,1,FALSE,14,25,37.38,1.5,19.53,Clothing,T-Shirts,India,In Stock
158,RC toy sedan car with remote control (Yellow) 1/50 scale,Yellow,Pack,Pack,Northwind,1/50 scale,14,1,FALSE,14,25,37.38,1.5,12.92,Novelty,Gift Items,Germany,Backorder
159,RC toy sedan car with remote control (Green) 1/50 scale,Green,Pack,Blister Pack,Northwind,1/50 scale,14,1,FALSE,14,25,37.38,1.5,18.21,Packing Materials,Shipping Supplies,China,In Stock
160,RC toy sedan car with remote control (Blue) 1/50 scale,Blue,Pack,Shrink Wrap,Northwind,1/50 scale,14,1,FALSE,14,25,37.38,1.5,15.92,Clothing,T-Shirts,Germany,In Stock
161,RC toy sedan car with remote control (Red) 1/50 scale,Red,Blister Pack,Shrink Wrap,Northwind,1/50 scale,14,1,FALSE,14,25,37.38,1.5,18.21,Packing Materials,Shipping Supplies,Germany,In Stock
162,RC toy sedan car with remote control (Black) 1/50 scale,Black,Pack,Pack,Northwind,1/50 scale,14,1,FALSE,14,25,37.38,1.5,16.07,Clothing,T-Shirts,India,In Stock
163,IT joke mug - hardware: part of the computer that can be kicked (Black),Black,Pack,Blister Pack,Hasbro,Standard,12,1,FALSE,12,13,19.44,0.15,9.36,Toys,Action Figures,Vietnam,In Stock
164,IT joke mug - hardware: part of the computer that can be kicked (White),White,Unit,Unit,Sony,Standard,12,1,FALSE,12,13,19.44,0.15,8.33,Novelty,Gift Items,China,In Stock
165,IT joke mug - that behavior is by design (Black),Black,Unit,Shrink Wrap,Hasbro,Standard,12,1,FALSE,12,13,19.44,0.15,6.6,Packing Materials,Shipping Supplies,Vietnam,In Stock
166,IT joke mug - that behavior is by design (White),White,Shrink Wrap,Pack,LEGO,Standard,12,1,FALSE,12,13,19.44,0.15,9.99,Clothing,T-Shirts,India,In Stock
167,IT joke mug - keyboard not found … press F1 to continue (Black),Black,Shrink Wrap,Blister Pack,Hasbro,Standard,12,1,FALSE,12,13,19.44,0.15,7.82,Toys,Action Figures,India,Backorder
168,IT joke mug - keyboard not found … press F1 to continue (White),White,Blister Pack,Pack,Hasbro,Standard,12,1,FALSE,12,13,19.44,0.15,10.3,Accessories,Computer Acc,Germany,In Stock
169,Developer joke mug - old C developers never die (Black),Black,Shrink Wrap,Shrink Wrap,Hasbro,Standard,12,1,FALSE,12,13,19.44,0.15,9.05,Clothing,T-Shirts,Japan,In Stock
170,Developer joke mug - old C developers never die (White),White,Shrink Wrap,Shrink Wrap,Mattel,Standard,12,1,FALSE,12,13,19.44,0.15,8.05,Novelty,Gift Items,India,In Stock
171,Developer joke mug - this code was generated by a tool (Black),Black,Shrink Wrap,Pack,Mattel,Standard,12,1,FALSE,12,13,19.44,0.15,9.9,Packing Materials,Shipping Supplies,Japan,In Stock
172,Developer joke mug - this code was generated by a tool (White),White,Shrink Wrap,Pack,LEGO,Standard,12,1,FALSE,12,13,19.44,0.15,7.09,Clothing,T-Shirts,India,In Stock
173,Developer joke mug - a foo walks into a bar (Black),Black,Pack,Shrink Wrap,LEGO,Standard,12,1,FALSE,12,13,19.44,0.15,8.17,Clothing,T-Shirts,Vietnam,Backorder
174,Developer joke mug - a foo walks into a bar (White),White,Pack,Shrink Wrap,Sony,Standard,12,1,FALSE,12,13,19.44,0.15,7.69,Novelty,Gift Items,India,In Stock
175,Developer joke mug - there are 10 types of people in the world (Black),Black,Blister Pack,Unit,Sony,Standard,12,1,FALSE,12,13,19.44,0.15,9.07,Novelty,Gift Items,India,Backorder
176,Developer joke mug - there are 10 types of people in the world (White),White,Unit,Pack,Mattel,Standard,12,1,FALSE,12,13,19.44,0.15,8.78,Clothing,T-Shirts,China,Backorder
177,Developer joke mug - understanding recursion requires understanding recursion (Black),Black,Blister Pack,Unit,Sony,Standard,12,1,FALSE,12,13,19.44,0.15,8.9,Clothing,T-Shirts,Vietnam,In Stock
178,Developer joke mug - understanding recursion requires understanding recursion (White),White,Shrink Wrap,Pack,Mattel,Standard,12,1,FALSE,12,13,19.44,0.15,7.14,Packing Materials,Shipping Supplies,China,Backorder
179,"Developer joke mug - (hip, hip, array) (Black)",Black,Blister Pack,Shrink Wrap,Hasbro,Standard,12,1,FALSE,12,13,19.44,0.15,7.19,Accessories,Computer Acc,Japan,In Stock
180,"Developer joke mug - (hip, hip, array) (White)",White,Unit,Pack,Bandai,Standard,12,1,FALSE,12,13,19.44,0.15,7.9,Accessories,Computer Acc,India,In Stock
181,Developer joke mug - inheritance is the OO way to become wealthy (Black),Black,Shrink Wrap,Pack,LEGO,Standard,12,1,FALSE,12,13,19.44,0.15,9.87,Toys,Action Figures,Japan,In Stock
182,Developer joke mug - inheritance is the OO way to become wealthy (White),White,Blister Pack,Blister Pack,Bandai,Standard,12,1,FALSE,12,13,19.44,0.15,9.44,Equipment,Workshop Tools,Vietnam,Backorder
183,Developer joke mug - when your hammer is C++ (Black),Black,Blister Pack,Pack,Hasbro,Standard,12,1,FALSE,12,13,19.44,0.15,8.68,Clothing,T-Shirts,India,Backorder
184,Developer joke mug - when your hammer is C++ (White),White,Pack,Unit,Sony,Standard,12,1,FALSE,12,13,19.44,0.15,8.76,Packing Materials,Shipping Supplies,Japan,In Stock
185,Developer joke mug - fun was unexpected at this time (Black),Black,Pack,Shrink Wrap,Bandai,Standard,12,1,FALSE,12,13,19.44,0.15,8.72,Clothing,T-Shirts,Germany,In Stock
186,Developer joke mug - fun was unexpected at this time (White),White,Unit,Blister Pack,Hasbro,Standard,12,1,FALSE,12,13,19.44,0.15,9.79,Clothing,T-Shirts,China,In Stock
187,Developer joke mug - that's a hardware problem (Black),Black,Pack,Shrink Wrap,Bandai,Standard,12,1,FALSE,12,13,19.44,0.15,8.76,Novelty,Gift Items,India,In Stock
188,Developer joke mug - that's a hardware problem (White),White,Unit,Blister Pack,Bandai,Standard,12,1,FALSE,12,13,19.44,0.15,6.7,Packing Materials,Shipping Supplies,Germany,In Stock
189,Developer joke mug - Oct 31 = Dec 25 (Black),Black,Pack,Shrink Wrap,Sony,Standard,12,1,FALSE,12,13,19.44,0.15,10.35,Packing Materials,Shipping Supplies,Vietnam,In Stock
190,Developer joke mug - Oct 31 = Dec 25 (White),White,Blister Pack,Unit,Sony,Standard,12,1,FALSE,12,13,19.44,0.15,8.1,Packing Materials,Shipping Supplies,India,Backorder
191,DBA joke mug - two types of DBAs (Black),Black,Pack,Unit,Mattel,Standard,12,1,FALSE,12,13,19.44,0.15,8.91,Clothing,T-Shirts,China,In Stock
192,DBA joke mug - two types of DBAs (White),White,Shrink Wrap,Pack,Bandai,Standard,12,1,FALSE,12,13,19.44,0.15,8.33,Novelty,Gift Items,Vietnam,In Stock
193,DBA joke mug - SELECT caffeine FROM mug (Black),Black,Pack,Blister Pack,Mattel,Standard,12,1,FALSE,12,13,19.44,0.15,9.41,Novelty,Gift Items,Japan,In Stock
194,DBA joke mug - SELECT caffeine FROM mug (White),White,Blister Pack,Blister Pack,Hasbro,Standard,12,1,FALSE,12,13,19.44,0.15,9.55,Packing Materials,Shipping Supplies,Germany,Backorder
195,DBA joke mug - I will get you in order (Black),Black,Shrink Wrap,Blister Pack,LEGO,Standard,12,1,FALSE,12,13,19.44,0.15,10.15,Novelty,Gift Items,Japan,In Stock
196,DBA joke mug - I will get you in order (White),White,Unit,Unit,Sony,Standard,12,1,FALSE,12,13,19.44,0.15,9.13,Toys,Action Figures,Japan,In Stock
197,DBA joke mug - it depends (Black),Black,Pack,Shrink Wrap,Bandai,Standard,12,1,FALSE,12,13,19.44,0.15,8.6,Clothing,T-Shirts,Germany,In Stock
198,DBA joke mug - it depends (White),White,Unit,Pack,Bandai,Standard,12,1,FALSE,12,13,19.44,0.15,9.52,Novelty,Gift Items,Germany,In Stock
199,DBA joke mug - you might be a DBA if (Black),Black,Shrink Wrap,Blister Pack,Sony,Standard,12,1,FALSE,12,13,19.44,0.15,6.79,Packing Materials,Shipping Supplies,India,In Stock
200,DBA joke mug - you might be a DBA if (White),White,Shrink Wrap,Shrink Wrap,Bandai,Standard,12,1,FALSE,12,13,19.44,0.15,7.78,Equipment,Workshop Tools,Germany,In Stock
201,DBA joke mug - daaaaaa-ta (Black),Black,Unit,Shrink Wrap,Mattel,Standard,12,1,FALSE,12,13,19.44,0.15,7.41,Clothing,T-Shirts,Germany,In Stock
202,DBA joke mug - daaaaaa-ta (White),White,Unit,Blister Pack,Mattel,Standard,12,1,FALSE,12,13,19.44,0.15,9.46,Clothing,T-Shirts,Vietnam,In Stock
203,DBA joke mug - mind if I join you? (Black),Black,Unit,Pack,Hasbro,Standard,12,1,FALSE,12,13,19.44,0.15,9.92,Accessories,Computer Acc,Japan,In Stock
204,DBA joke mug - mind if I join you? (White),White,Shrink Wrap,Blister Pack,Bandai,Standard,12,1,FALSE,12,13,19.44,0.15,9.6,Clothing,T-Shirts,Japan,In Stock
205,USB food flash drive - dessert 10 drive variety pack,No Color,Packet,Packet,LEGO,Standard,14,1,FALSE,14,240,358.8,0.5,139.02,Clothing,T-Shirts,China,In Stock
206,USB food flash drive - fortune cookie,No Color,Pack,Shrink Wrap,Mattel,Standard,14,1,FALSE,14,32,47.84,0.05,21.52,Accessories,Computer Acc,Vietnam,In Stock
207,USB food flash drive - shrimp cocktail,No Color,Unit,Blister Pack,Sony,Standard,14,1,FALSE,14,32,47.84,0.05,16.23,Packing Materials,Shipping Supplies,Germany,In Stock
208,USB food flash drive - donut,No Color,Pack,Unit,Sony,Standard,14,1,FALSE,14,32,47.84,0.05,23.93,Equipment,Workshop Tools,Japan,In Stock
209,USB food flash drive - cookie,No Color,Shrink Wrap,Shrink Wrap,Bandai,Standard,14,1,FALSE,14,32,47.84,0.05,18.1,Clothing,T-Shirts,China,In Stock
210,USB food flash drive - chocolate bar,No Color,Unit,Unit,Hasbro,Standard,14,1,FALSE,14,32,47.84,0.05,22.6,Packing Materials,Shipping Supplies,Germany,In Stock
211,USB food flash drive - banana,No Color,Unit,Shrink Wrap,Sony,Standard,14,1,FALSE,14,32,47.84,0.05,19.97,Clothing,T-Shirts,China,In Stock
212,USB food flash drive - dim sum 10 drive variety pack,No Color,Packet,Packet,Hasbro,Standard,14,1,FALSE,14,240,358.8,0.5,172.81,Packing Materials,Shipping Supplies,Japan,In Stock
213,USB food flash drive - pizza slice,No Color,Pack,Blister Pack,Hasbro,Standard,14,1,FALSE,14,32,47.84,0.05,25.11,Novelty,Gift Items,India,In Stock
214,USB food flash drive - hot dog,No Color,Pack,Shrink Wrap,Bandai,Standard,14,1,FALSE,14,32,47.84,0.05,23.43,Clothing,T-Shirts,Vietnam,In Stock
215,USB food flash drive - hamburger,No Color,Pack,Blister Pack,Sony,Standard,14,1,FALSE,14,32,47.84,0.05,25.01,Packing Materials,Shipping Supplies,India,In Stock
216,USB food flash drive - sushi roll,No Color,Blister Pack,Shrink Wrap,Hasbro,Standard,14,1,FALSE,14,32,47.84,0.05,23.83,Clothing,T-Shirts,India,In Stock
217,Office cube periscope (Black),Black,Blister Pack,Carton,Hasbro,Standard,14,10,FALSE,14,18.5,27.66,0.25,13.47,Equipment,Workshop Tools,Germany,In Stock
218,USB rocket launcher (Gray),Gray,Pack,Shrink Wrap,Hasbro,Standard,14,1,FALSE,14,25,37.38,0.3,13.6,Packing Materials,Shipping Supplies,Japan,In Stock
219,USB missile launcher (Green),Green,Blister Pack,Unit,Sony,Standard,14,1,FALSE,14,25,37.38,0.3,13.81,Toys,Action Figures,India,In Stock
220,Novelty chilli chocolates 500g,No Color,Bag,Carton,Sony,500g,3,12,TRUE,3,14.5,20.74,0.5,7.9,Packing Materials,Shipping Supplies,Vietnam,In Stock
221,Novelty chilli chocolates 250g,No Color,Bag,Carton,Sony,250g,3,24,TRUE,3,8.55,12.23,0.25,5.76,Accessories,Computer Acc,Japan,Backorder
222,Chocolate echidnas 250g,No Color,Bag,Carton,Bandai,250g,3,24,TRUE,3,8.55,12.23,0.25,5.46,Packing Materials,Shipping Supplies,Japan,In Stock
223,Chocolate beetles 250g,No Color,Bag,Carton,Hasbro,250g,3,24,TRUE,3,8.55,12.23,0.25,6.59,Novelty,Gift Items,Germany,In Stock
224,Chocolate sharks 250g,No Color,Bag,Carton,Mattel,250g,3,24,TRUE,3,8.55,12.23,0.25,6.72,Toys,Action Figures,Germany,In Stock
225,Chocolate frogs 250g,No Color,Bag,Carton,Mattel,250g,3,24,TRUE,3,8.55,12.23,0.25,4.36,Accessories,Computer Acc,Vietnam,In Stock
226,White chocolate moon rocks 250g,No Color,Bag,Carton,Mattel,250g,3,24,TRUE,3,8.55,12.23,0.25,4.7,Clothing,T-Shirts,China,In Stock
227,White chocolate snow balls 250g,No Color,Bag,Carton,Sony,250g,3,24,TRUE,3,8.55,12.23,0.25,6.67,Equipment,Workshop Tools,Vietnam,In Stock
228,RC big wheel monster truck with remote control (Black) 1/50 scale,Black,Shrink Wrap,Shrink Wrap,Northwind,1/50 scale,14,1,FALSE,14,45,67.28,1.8,26.37,Accessories,Computer Acc,Vietnam,In Stock
229,RC vintage American toy coupe with remote control (Black) 1/50 scale,Black,Unit,Unit,Northwind,1/50 scale,14,1,FALSE,14,30,44.85,1.7,23.81,Packing Materials,Shipping Supplies,Germany,Backorder
230,RC vintage American toy coupe with remote control (Red) 1/50 scale,Red,Blister Pack,Pack,Northwind,1/50 scale,14,1,FALSE,14,30,44.85,1.7,21.81,Equipment,Workshop Tools,Japan,In Stock
231,RC toy sedan car with remote control (Pink) 1/50 scale,Pink,Pack,Blister Pack,Northwind,1/50 scale,14,1,FALSE,14,25,37.38,1.5,17.1,Equipment,Workshop Tools,India,In Stock
232,RC toy sedan car with remote control (Yellow) 1/50 scale,Yellow,Blister Pack,Shrink Wrap,Northwind,1/50 scale,14,1,FALSE,14,25,37.38,1.5,18.25,Packing Materials,Shipping Supplies,Japan,In Stock
233,RC toy sedan car with remote control (Green) 1/50 scale,Green,Shrink Wrap,Pack,Northwind,1/50 scale,14,1,FALSE,14,25,37.38,1.5,17.69,Equipment,Workshop Tools,Vietnam,In Stock
234,RC toy sedan car with remote control (Blue) 1/50 scale,Blue,Shrink Wrap,Pack,Northwind,1/50 scale,14,1,FALSE,14,25,37.38,1.5,12.52,Packing Materials,Shipping Supplies,Germany,Backorder
235,RC toy sedan car with remote control (Red) 1/50 scale,Red,Blister Pack,Blister Pack,Northwind,1/50 scale,14,1,FALSE,14,25,37.38,1.5,14.23,Packing Materials,Shipping Supplies,India,Backorder
236,RC toy sedan car with remote control (Black) 1/50 scale,Black,Unit,Blister Pack,Northwind,1/50 scale,14,1,FALSE,14,25,37.38,1.5,15.81,Toys,Action Figures,Germany,In Stock
237,USB food flash drive - dessert 10 drive variety pack,No Color,Packet,Packet,Mattel,Standard,14,1,FALSE,14,240,358.8,0.5,174.66,Packing Materials,Shipping Supplies,Japan,In Stock
238,USB food flash drive - fortune cookie,No Color,Unit,Unit,LEGO,Standard,14,1,FALSE,14,32,47.84,0.05,24.88,Clothing,T-Shirts,Japan,In Stock
239,USB food flash drive - shrimp cocktail,No Color,Shrink Wrap,Pack,Hasbro,Standard,14,1,FALSE,14,32,47.84,0.05,23.96,Packing Materials,Shipping Supplies,China,In Stock
240,USB food flash drive - donut,No Color,Pack,Shrink Wrap,Mattel,Standard,14,1,FALSE,14,32,47.84,0.05,17.44,Novelty,Gift Items,China,Backorder
241,USB food flash drive - cookie,No Color,Pack,Pack,Mattel,Standard,14,1,FALSE,14,32,47.84,0.05,20.65,Clothing,T-Shirts,India,In Stock
242,USB food flash drive - chocolate bar,No Color,Shrink Wrap,Blister Pack,Mattel,Standard,14,1,FALSE,14,32,47.84,0.05,22.22,Equipment,Workshop Tools,India,In Stock
243,USB food flash drive - banana,No Color,Blister Pack,Pack,LEGO,Standard,14,1,FALSE,14,32,47.84,0.05,22.2,Novelty,Gift Items,China,In Stock
244,USB food flash drive - dim sum 10 drive variety pack,No Color,Packet,Packet,LEGO,Standard,14,1,FALSE,14,240,358.8,0.5,128.4,Novelty,Gift Items,China,Backorder
245,USB food flash drive - pizza slice,No Color,Unit,Pack,Hasbro,Standard,14,1,FALSE,14,32,47.84,0.05,24.07,Novelty,Gift Items,Vietnam,In Stock
246,USB food flash drive - hot dog,No Color,Shrink Wrap,Shrink Wrap,Mattel,Standard,14,1,FALSE,14,32,47.84,0.05,22.78,Clothing,T-Shirts,Germany,In Stock
247,USB food flash drive - hamburger,No Color,Shrink Wrap,Shrink Wrap,Sony,Standard,14,1,FALSE,14,32,47.84,0.05,21.58,Packing Materials,Shipping Supplies,India,In Stock
248,USB food flash drive - sushi roll,No Color,Pack,Blister Pack,Mattel,Standard,14,1,FALSE,14,32,47.84,0.05,21.61,Toys,Action Figures,India,In Stock
249,IT joke mug - hardware: part of the computer that can be kicked (Black),Black,Pack,Unit,Hasbro,Standard,12,1,FALSE,12,13,19.44,0.15,9.1,Toys,Action Figures,Vietnam,Backorder
250,IT joke mug - hardware: part of the computer that can be kicked (White),White,Pack,Blister Pack,Mattel,Standard,12,1,FALSE,12,13,19.44,0.15,10.04,Clothing,T-Shirts,Vietnam,In Stock
251,IT joke mug - that behavior is by design (Black),Black,Pack,Shrink Wrap,Bandai,Standard,12,1,FALSE,12,13,19.44,0.15,8.69,Clothing,T-Shirts,India,In Stock
252,IT joke mug - that behavior is by design (White),White,Shrink Wrap,Blister Pack,LEGO,Standard,12,1,FALSE,12,13,19.44,0.15,9.14,Clothing,T-Shirts,Germany,In Stock
253,IT joke mug - keyboard not found … press F1 to continue (Black),Black,Unit,Shrink Wrap,Bandai,Standard,12,1,FALSE,12,13,19.44,0.15,9.94,Novelty,Gift Items,Germany,In Stock
254,IT joke mug - keyboard not found … press F1 to continue (White),White,Shrink Wrap,Blister Pack,Mattel,Standard,12,1,FALSE,12,13,19.44,0.15,7.86,Packing Materials,Shipping Supplies,Germany,In Stock
255,Developer joke mug - old C developers never die (Black),Black,Blister Pack,Blister Pack,Mattel,Standard,12,1,FALSE,12,13,19.44,0.15,9.19,Equipment,Workshop Tools,Japan,In Stock
256,Developer joke mug - old C developers never die (White),White,Blister Pack,Blister Pack,Hasbro,Standard,12,1,FALSE,12,13,19.44,0.15,7,Novelty,Gift Items,China,In Stock
257,Developer joke mug - this code was generated by a tool (Black),Black,Blister Pack,Shrink Wrap,Bandai,Standard,12,1,FALSE,12,13,19.44,0.15,9.16,Packing Materials,Shipping Supplies,China,In Stock
258,Developer joke mug - this code was generated by a tool (White),White,Unit,Unit,Sony,Standard,12,1,FALSE,12,13,19.44,0.15,7.24,Accessories,Computer Acc,Japan,In Stock
259,Developer joke mug - a foo walks into a bar (Black),Black,Shrink Wrap,Pack,Mattel,Standard,12,1,FALSE,12,13,19.44,0.15,9.49,Equipment,Workshop Tools,China,In Stock
260,Developer joke mug - a foo walks into a bar (White),White,Unit,Shrink Wrap,LEGO,Standard,12,1,FALSE,12,13,19.44,0.15,9.17,Accessories,Computer Acc,Vietnam,In Stock
261,Developer joke mug - there are 10 types of people in the world (Black),Black,Shrink Wrap,Blister Pack,Sony,Standard,12,1,FALSE,12,13,19.44,0.15,8.91,Accessories,Computer Acc,China,In Stock
262,Developer joke mug - there are 10 types of people in the world (White),White,Shrink Wrap,Unit,Sony,Standard,12,1,FALSE,12,13,19.44,0.15,7.94,Clothing,T-Shirts,China,In Stock
263,Developer joke mug - understanding recursion requires understanding recursion (Black),Black,Pack,Shrink Wrap,LEGO,Standard,12,1,FALSE,12,13,19.44,0.15,6.95,Equipment,Workshop Tools,Vietnam,In Stock
264,Developer joke mug - understanding recursion requires understanding recursion (White),White,Shrink Wrap,Shrink Wrap,Hasbro,Standard,12,1,FALSE,12,13,19.44,0.15,8.16,Toys,Action Figures,China,In Stock
265,"Developer joke mug - (hip, hip, array) (Black)",Black,Shrink Wrap,Pack,Bandai,Standard,12,1,FALSE,12,13,19.44,0.15,10.24,Novelty,Gift Items,China,In Stock
266,"Developer joke mug - (hip, hip, array) (White)",White,Shrink Wrap,Shrink Wrap,Sony,Standard,12,1,FALSE,12,13,19.44,0.15,9,Clothing,T-Shirts,Vietnam,In Stock
267,Developer joke mug - inheritance is the OO way to become wealthy (Black),Black,Unit,Pack,Bandai,Standard,12,1,FALSE,12,13,19.44,0.15,8.1,Clothing,T-Shirts,Vietnam,Backorder
268,Developer joke mug - inheritance is the OO way to become wealthy (White),White,Blister Pack,Blister Pack,Sony,Standard,12,1,FALSE,12,13,19.44,0.15,6.65,Toys,Action Figures,China,Backorder
269,Developer joke mug - when your hammer is C++ (Black),Black,Shrink Wrap,Shrink Wrap,Sony,Standard,12,1,FALSE,12,13,19.44,0.15,7.54,Toys,Action Figures,Japan,In Stock
270,Developer joke mug - when your hammer is C++ (White),White,Blister Pack,Blister Pack,Bandai,Standard,12,1,FALSE,12,13,19.44,0.15,10.29,Equipment,Workshop Tools,Japan,In Stock
271,Developer joke mug - fun was unexpected at this time (Black),Black,Blister Pack,Pack,Mattel,Standard,12,1,FALSE,12,13,19.44,0.15,7.69,Equipment,Workshop Tools,Germany,In Stock
272,Developer joke mug - fun was unexpected at this time (White),White,Unit,Pack,LEGO,Standard,12,1,FALSE,12,13,19.44,0.15,6.75,Accessories,Computer Acc,India,In Stock
273,Developer joke mug - that's a hardware problem (Black),Black,Shrink Wrap,Shrink Wrap,Sony,Standard,12,1,FALSE,12,13,19.44,0.15,9.46,Accessories,Computer Acc,China,In Stock
274,Developer joke mug - that's a hardware problem (White),White,Unit,Unit,Mattel,Standard,12,1,FALSE,12,13,19.44,0.15,7.92,Equipment,Workshop Tools,Japan,In Stock
275,Developer joke mug - Oct 31 = Dec 25 (Black),Black,Shrink Wrap,Unit,Hasbro,Standard,12,1,FALSE,12,13,19.44,0.15,8,Packing Materials,Shipping Supplies,India,In Stock
276,Developer joke mug - Oct 31 = Dec 25 (White),White,Shrink Wrap,Blister Pack,Mattel,Standard,12,1,FALSE,12,13,19.44,0.15,9.75,Toys,Action Figures,Germany,Backorder
277,DBA joke mug - two types of DBAs (Black),Black,Shrink Wrap,Shrink Wrap,Hasbro,Standard,12,1,FALSE,12,13,19.44,0.15,9.05,Clothing,T-Shirts,Vietnam,In Stock
278,DBA joke mug - two types of DBAs (White),White,Pack,Shrink Wrap,Bandai,Standard,12,1,FALSE,12,13,19.44,0.15,7.42,Accessories,Computer Acc,India,In Stock
279,DBA joke mug - SELECT caffeine FROM mug (Black),Black,Pack,Unit,Sony,Standard,12,1,FALSE,12,13,19.44,0.15,10.01,Equipment,Workshop Tools,Japan,In Stock
280,DBA joke mug - SELECT caffeine FROM mug (White),White,Unit,Blister Pack,Hasbro,Standard,12,1,FALSE,12,13,19.44,0.15,8.82,Accessories,Computer Acc,Vietnam,In Stock
281,DBA joke mug - I will get you in order (Black),Black,Blister Pack,Blister Pack,Mattel,Standard,12,1,FALSE,12,13,19.44,0.15,8.99,Equipment,Workshop Tools,Vietnam,In Stock
282,DBA joke mug - I will get you in order (White),White,Blister Pack,Blister Pack,LEGO,Standard,12,1,FALSE,12,13,19.44,0.15,9.2,Toys,Action Figures,Germany,In Stock
283,DBA joke mug - it depends (Black),Black,Blister Pack,Shrink Wrap,Hasbro,Standard,12,1,FALSE,12,13,19.44,0.15,9.09,Accessories,Computer Acc,Germany,In Stock
284,DBA joke mug - it depends (White),White,Pack,Pack,Sony,Standard,12,1,FALSE,12,13,19.44,0.15,9.09,Toys,Action Figures,China,In Stock
285,DBA joke mug - you might be a DBA if (Black),Black,Pack,Blister Pack,Bandai,Standard,12,1,FALSE,12,13,19.44,0.15,7.65,Accessories,Computer Acc,Vietnam,In Stock
286,DBA joke mug - you might be a DBA if (White),White,Unit,Unit,Mattel,Standard,12,1,FALSE,12,13,19.44,0.15,8.47,Accessories,Computer Acc,Japan,In Stock
287,DBA joke mug - daaaaaa-ta (Black),Black,Pack,Pack,Bandai,Standard,12,1,FALSE,12,13,19.44,0.15,7.54,Accessories,Computer Acc,Germany,In Stock
288,DBA joke mug - daaaaaa-ta (White),White,Blister Pack,Blister Pack,LEGO,Standard,12,1,FALSE,12,13,19.44,0.15,9.07,Accessories,Computer Acc,China,In Stock
289,DBA joke mug - mind if I join you? (Black),Black,Shrink Wrap,Shrink Wrap,Sony,Standard,12,1,FALSE,12,13,19.44,0.15,10.02,Equipment,Workshop Tools,Vietnam,In Stock
290,DBA joke mug - mind if I join you? (White),White,Pack,Blister Pack,Hasbro,Standard,12,1,FALSE,12,13,19.44,0.15,8.99,Novelty,Gift Items,China,In Stock
291,USB rocket launcher (Gray),Steel Gray,Blister Pack,Shrink Wrap,Hasbro,Standard,14,1,FALSE,14,25,37.38,0.3,19.97,Clothing,T-Shirts,India,In Stock
292,USB missile launcher (Green),Green,Blister Pack,Pack,Sony,Standard,14,1,FALSE,14,25,37.38,0.3,12.6,Novelty,Gift Items,Vietnam,Backorder
293,Void fill 400 L bag (White) 400L,White,Shrink Wrap,Unit,Mattel,400L,14,10,FALSE,14,50,74.75,1,32.07,Packing Materials,Shipping Supplies,China,In Stock
294,Void fill 300 L bag (White) 300L,White,Blister Pack,Blister Pack,LEGO,300L,14,10,FALSE,14,37.5,56.06,0.75,21.11,Equipment,Workshop Tools,Germany,In Stock
295,Void fill 200 L bag (White) 200L,White,Shrink Wrap,Pack,Bandai,200L,14,10,FALSE,14,25,37.38,0.5,19.68,Accessories,Computer Acc,Japan,In Stock
296,Void fill 100 L bag (White) 100L,White,Blister Pack,Blister Pack,Hasbro,100L,14,10,FALSE,14,12.5,18.69,0.25,8.97,Novelty,Gift Items,Japan,Backorder
297,Air cushion machine (Blue),Blue,Unit,Blister Pack,Hasbro,Standard,20,1,FALSE,20,1899,2839.01,10,1434.99,Toys,Action Figures,India,In Stock
298,Air cushion film 200mmx200mm 325m,No Color,Unit,Pack,Bandai,325m,14,1,FALSE,14,90,134.55,6,68.86,Toys,Action Figures,Germany,In Stock
299,Air cushion film 200mmx100mm 325m,No Color,Blister Pack,Pack,Sony,325m,14,1,FALSE,14,87,130.07,5,47.68,Clothing,T-Shirts,Japan,In Stock
300,Large  replacement blades 18mm,No Color,Pack,Pack,Mattel,18mm,14,10,FALSE,14,4.3,6.43,0.8,3.06,Clothing,T-Shirts,India,In Stock
301,Small 9mm replacement blades 9mm,No Color,Blister Pack,Shrink Wrap,Bandai,9mm,14,10,FALSE,14,4.1,6.13,0.7,2.56,Equipment,Workshop Tools,Vietnam,In Stock
302,Packing knife with metal insert blade (Yellow) 18mm,Yellow,Unit,Shrink Wrap,LEGO,18mm,14,5,FALSE,14,2.4,3.59,0.5,1.54,Clothing,T-Shirts,Vietnam,In Stock
303,Packing knife with metal insert blade (Yellow) 9mm,Yellow,Blister Pack,Shrink Wrap,Bandai,9mm,14,5,FALSE,14,1.89,2.83,0.5,1.06,Equipment,Workshop Tools,India,In Stock
304,Permanent marker red 5mm nib (Red) 5mm,Red,Unit,Shrink Wrap,LEGO,5mm,14,12,FALSE,14,2.7,4.04,0.1,1.36,Equipment,Workshop Tools,India,In Stock
305,Permanent marker blue 5mm nib (Blue) 5mm,Blue,Shrink Wrap,Unit,Hasbro,5mm,14,12,FALSE,14,2.7,4.04,0.1,1.65,Accessories,Computer Acc,Germany,In Stock
306,Permanent marker black 5mm nib (Black) 5mm,Black,Shrink Wrap,Blister Pack,LEGO,5mm,14,12,FALSE,14,2.7,4.04,0.1,1.95,Packing Materials,Shipping Supplies,China,Backorder
307,Tape dispenser (Blue),Blue,Unit,Unit,Hasbro,Standard,20,10,FALSE,20,32,47.84,1,20.54,Clothing,T-Shirts,Vietnam,Backorder
308,Tape dispenser (Red),Red,Blister Pack,Blister Pack,Hasbro,Standard,20,10,FALSE,20,32,47.84,1,18.36,Clothing,T-Shirts,India,Backorder
309,Tape dispenser (Black),Black,Shrink Wrap,Unit,Mattel,Standard,20,10,FALSE,20,32,47.84,1,18.75,Accessories,Computer Acc,Japan,Backorder
310,Red and white urgent  heavy despatch tape  48mmx100m,No Color,Pack,Shrink Wrap,Sony,48mmx100m,14,24,FALSE,14,4.1,6.13,0.7,2.8,Accessories,Computer Acc,India,In Stock
311,Red and white urgent despatch tape 48mmx75m,No Color,Shrink Wrap,Pack,Sony,48mmx75m,14,24,FALSE,14,3.7,5.53,0.5,2.75,Accessories,Computer Acc,Japan,Backorder
312,Black and yellow heavy despatch tape 48mmx100m,No Color,Shrink Wrap,Unit,Bandai,48mmx100m,14,24,FALSE,14,4.1,6.13,0.7,3.22,Novelty,Gift Items,Japan,Backorder
313,Black and yellow heavy despatch tape  48mmx75m,No Color,Pack,Pack,Mattel,48mmx75m,14,24,FALSE,14,3.7,5.53,0.5,1.97,Equipment,Workshop Tools,Germany,In Stock
314,Black and orange this way up despatch tape  48mmx100m,No Color,Unit,Shrink Wrap,LEGO,48mmx100m,14,24,FALSE,14,4.1,6.13,0.7,2.43,Toys,Action Figures,Vietnam,In Stock
315,Black and orange this way up despatch tape 48mmx75m,No Color,Pack,Pack,Bandai,48mmx75m,14,24,FALSE,14,3.7,5.53,0.5,2.42,Novelty,Gift Items,Vietnam,In Stock
316,Black and orange handle with care despatch tape  48mmx100m,No Color,Shrink Wrap,Pack,LEGO,48mmx100m,14,24,FALSE,14,4.1,6.13,0.7,2.36,Toys,Action Figures,Vietnam,Backorder
317,Black and orange handle with care despatch tape  48mmx75m,No Color,Shrink Wrap,Unit,Mattel,48mmx75m,14,24,FALSE,14,3.7,5.53,0.5,2.46,Packing Materials,Shipping Supplies,Germany,Backorder
318,Black and orange glass with care despatch tape  48mmx100m,No Color,Shrink Wrap,Blister Pack,Bandai,48mmx100m,14,24,FALSE,14,4.1,6.13,0.7,2.47,Packing Materials,Shipping Supplies,Germany,Backorder
319,Black and orange glass with care despatch tape 48mmx75m,No Color,Pack,Pack,Mattel,48mmx75m,14,24,FALSE,14,3.7,5.53,0.5,2.19,Toys,Action Figures,Germany,In Stock
320,Black and orange fragile despatch tape 48mmx100m,No Color,Unit,Pack,Bandai,48mmx100m,14,36,FALSE,14,4.1,6.13,0.7,3.01,Clothing,T-Shirts,Japan,In Stock
321,Black and orange fragile despatch tape 48mmx75m,No Color,Shrink Wrap,Shrink Wrap,LEGO,48mmx75m,14,36,FALSE,14,3.7,5.53,0.5,1.96,Equipment,Workshop Tools,Japan,In Stock
322,Clear packaging tape 48mmx100m,No Color,Unit,Shrink Wrap,Bandai,48mmx100m,14,20,FALSE,14,3.5,5.23,0.7,2.72,Novelty,Gift Items,Japan,In Stock
323,Clear packaging tape 48mmx75m,No Color,Pack,Blister Pack,LEGO,48mmx75m,14,26,FALSE,14,2.9,4.34,0.5,2.13,Packing Materials,Shipping Supplies,India,In Stock
324,3 kg Courier post bag (White) 300x190x95mm,White,Blister Pack,Pack,Hasbro,300x190x95mm,14,25,FALSE,14,0.66,0.99,0.1,0.46,Accessories,Computer Acc,Japan,In Stock
325,Express post box 5kg (White) 350x280x130mm,White,Unit,Shrink Wrap,Sony,350x280x130mm,14,25,FALSE,14,0.95,1.42,0.2,0.66,Equipment,Workshop Tools,Japan,In Stock
326,Shipping carton (Brown) 457x457x457mm,Brown,Blister Pack,Unit,Bandai,457x457x457mm,14,25,FALSE,14,2.1,3.14,0.4,1.41,Packing Materials,Shipping Supplies,India,In Stock
327,Shipping carton (Brown) 356x356x279mm,Brown,Pack,Unit,LEGO,356x356x279mm,14,25,FALSE,14,2.04,3.05,0.3,1.5,Packing Materials,Shipping Supplies,Japan,In Stock
328,Shipping carton (Brown) 305x305x305mm,Brown,Unit,Shrink Wrap,Sony,305x305x305mm,14,25,FALSE,14,3.5,5.23,0.3,2.02,Toys,Action Figures,Germany,In Stock
329,Shipping carton (Brown) 480x270x320mm,Brown,Pack,Shrink Wrap,LEGO,480x270x320mm,14,25,FALSE,14,2.74,4.1,0.4,1.64,Packing Materials,Shipping Supplies,Vietnam,In Stock
330,Shipping carton (Brown) 457x279x279mm,Brown,Blister Pack,Pack,Hasbro,457x279x279mm,14,25,FALSE,14,1.28,1.91,0.4,0.64,Accessories,Computer Acc,Germany,Backorder
331,Shipping carton (Brown) 356x229x229mm,Brown,Shrink Wrap,Pack,Sony,356x229x229mm,14,25,FALSE,14,1.14,1.7,0.4,0.64,Accessories,Computer Acc,China,In Stock
332,Shipping carton (Brown) 279x254x217mm,Brown,Unit,Pack,Sony,279x254x217mm,14,25,FALSE,14,1.11,1.66,0.3,0.8,Accessories,Computer Acc,Germany,Backorder
333,Shipping carton (Brown) 229x229x229mm,Brown,Blister Pack,Shrink Wrap,LEGO,229x229x229mm,14,25,FALSE,14,1.05,1.57,0.3,0.75,Accessories,Computer Acc,Germany,In Stock
334,Shipping carton (Brown) 500x310x310mm,Brown,Blister Pack,Unit,Hasbro,500x310x310mm,14,25,FALSE,14,2.55,3.81,0.4,1.39,Novelty,Gift Items,Vietnam,Backorder
335,Shipping carton (Brown) 413x285x187mm,Brown,Blister Pack,Shrink Wrap,Mattel,413x285x187mm,14,25,FALSE,14,1.05,1.57,0.3,0.67,Toys,Action Figures,Vietnam,In Stock
336,Bubblewrap dispenser (Red) 1.5m,Red,Unit,Shrink Wrap,Bandai,1.5m,14,1,FALSE,14,240,358.8,10,186.33,Packing Materials,Shipping Supplies,Japan,In Stock
337,Bubblewrap dispenser (Blue) 1.5m,Blue,Unit,Pack,LEGO,1.5m,14,1,FALSE,14,240,358.8,10,182.56,Packing Materials,Shipping Supplies,Vietnam,In Stock
338,Bubblewrap dispenser (Black) 1.5m,Black,Blister Pack,Pack,Sony,1.5m,14,1,FALSE,14,240,358.8,10,131.82,Clothing,T-Shirts,Japan,In Stock
339,32 mm Anti static bubble wrap (Blue) 50m,Blue,Shrink Wrap,Blister Pack,Sony,50m,14,10,FALSE,14,105,156.98,10,69.96,Toys,Action Figures,India,In Stock
340,32 mm Anti static bubble wrap (Blue) 20m,Blue,Shrink Wrap,Pack,Bandai,20m,14,10,FALSE,14,48,71.76,6,35.62,Novelty,Gift Items,China,In Stock
341,32 mm Anti static bubble wrap (Blue) 10m,Blue,Pack,Unit,LEGO,10m,14,10,FALSE,14,32,47.84,5,19.75,Packing Materials,Shipping Supplies,China,In Stock
342,20 mm Anti static bubble wrap (Blue) 50m,Blue,Unit,Pack,Bandai,50m,14,10,FALSE,14,102,152.49,10,76.81,Toys,Action Figures,Japan,In Stock
343,20 mm Anti static bubble wrap (Blue) 20m,Blue,Blister Pack,Unit,Hasbro,20m,14,10,FALSE,14,45,67.28,6,33.55,Clothing,T-Shirts,Germany,Backorder
344,20 mm Anti static bubble wrap (Blue) 10m,Blue,Unit,Blister Pack,Bandai,10m,14,10,FALSE,14,29,43.36,5,16.36,Packing Materials,Shipping Supplies,Germany,In Stock
345,10 mm Anti static bubble wrap (Blue) 50m,Blue,Unit,Unit,Sony,50m,14,10,FALSE,14,99,148.01,10,66.48,Toys,Action Figures,Germany,In Stock
346,10 mm Anti static bubble wrap (Blue) 20m,Blue,Shrink Wrap,Pack,LEGO,20m,14,10,FALSE,14,42,62.79,6,31.73,Toys,Action Figures,India,Backorder
347,10 mm Anti static bubble wrap (Blue) 10m,Blue,Shrink Wrap,Blister Pack,Hasbro,10m,14,10,FALSE,14,26,38.87,5,14.08,Equipment,Workshop Tools,Vietnam,In Stock
348,32 mm Double sided bubble wrap 50m,No Color,Shrink Wrap,Unit,Sony,50m,14,10,FALSE,14,112,167.44,10,87.68,Accessories,Computer Acc,India,Backorder
349,32 mm Double sided bubble wrap 20m,No Color,Pack,Unit,Hasbro,20m,14,10,FALSE,14,37,55.32,6,21.83,Novelty,Gift Items,Vietnam,In Stock
350,32 mm Double sided bubble wrap 10m,No Color,Shrink Wrap,Unit,Sony,10m,14,10,FALSE,14,22,32.89,5,14.2,Equipment,Workshop Tools,Vietnam,In Stock
351,20 mm Double sided bubble wrap 50m,No Color,Shrink Wrap,Unit,LEGO,50m,14,10,FALSE,14,108,161.46,10,78.4,Toys,Action Figures,China,In Stock
352,20 mm Double sided bubble wrap 20m,No Color,Blister Pack,Shrink Wrap,Bandai,20m,14,10,FALSE,14,33,49.34,6,20.28,Packing Materials,Shipping Supplies,Vietnam,In Stock
353,20 mm Double sided bubble wrap 10m,No Color,Shrink Wrap,Pack,Mattel,10m,14,10,FALSE,14,18,26.91,5,10.59,Equipment,Workshop Tools,India,In Stock
354,10 mm Double sided bubble wrap 50m,No Color,Shrink Wrap,Pack,Hasbro,50m,14,10,FALSE,14,105,156.98,10,73.38,Accessories,Computer Acc,Japan,In Stock
355,10 mm Double sided bubble wrap 20m,No Color,Pack,Pack,Hasbro,20m,14,10,FALSE,14,30,44.85,6,18.28,Novelty,Gift Items,India,Backorder
356,10 mm Double sided bubble wrap 10m,No Color,Unit,Pack,Sony,10m,14,10,FALSE,14,15,22.43,5,9.14,Toys,Action Figures,India,In Stock
357,Large sized bubblewrap roll 50m,No Color,Shrink Wrap,Pack,LEGO,50m,14,10,FALSE,14,24,35.88,10,15.68,Novelty,Gift Items,Germany,In Stock
358,Medium sized bubblewrap roll 20m,No Color,Unit,Unit,Mattel,20m,14,10,FALSE,14,20,29.9,6,14.58,Packing Materials,Shipping Supplies,India,In Stock
359,Small sized bubblewrap roll 10m,No Color,Shrink Wrap,Blister Pack,Hasbro,10m,14,10,FALSE,14,4.5,6.73,5,2.77,Toys,Action Figures,Vietnam,Backorder
360,Animal with big feet slippers (Brown) XL,Brown,Pack,Blister Pack,Mattel,XL,12,1,FALSE,12,32,47.84,0.4,25.42,Toys,Action Figures,Germany,In Stock
361,Animal with big feet slippers (Brown) L,Brown,Pack,Shrink Wrap,Mattel,L,12,1,FALSE,12,32,47.84,0.35,18.71,Novelty,Gift Items,Vietnam,Backorder
362,Animal with big feet slippers (Brown) M,Brown,Blister Pack,Unit,Sony,M,12,1,FALSE,12,32,47.84,0.35,17.17,Clothing,T-Shirts,India,In Stock
363,Animal with big feet slippers (Brown) S,Brown,Pack,Shrink Wrap,LEGO,S,12,1,FALSE,12,32,47.84,0.35,19.49,Accessories,Computer Acc,Vietnam,In Stock
364,Furry gorilla with big eyes slippers (Black) XL,Black,Shrink Wrap,Unit,Mattel,XL,12,1,FALSE,12,32,47.84,0.4,24.16,Toys,Action Figures,Japan,In Stock
365,Furry gorilla with big eyes slippers (Black) L,Black,Unit,Pack,LEGO,L,12,1,FALSE,12,32,47.84,0.35,23.12,Novelty,Gift Items,Germany,In Stock
366,Furry gorilla with big eyes slippers (Black) M,Black,Blister Pack,Shrink Wrap,Sony,M,12,1,FALSE,12,32,47.84,0.35,18.82,Accessories,Computer Acc,China,In Stock
367,Furry gorilla with big eyes slippers (Black) S,Black,Unit,Pack,Sony,S,12,1,FALSE,12,32,47.84,0.35,22.16,Accessories,Computer Acc,Japan,In Stock
368,Plush shark slippers (Gray) XL,Steel Gray,Shrink Wrap,Pack,Mattel,XL,12,1,FALSE,12,32,47.84,0.4,22.81,Accessories,Computer Acc,Germany,In Stock
369,Plush shark slippers (Gray) L,Steel Gray,Pack,Blister Pack,Sony,L,12,1,FALSE,12,32,47.84,0.35,20.19,Novelty,Gift Items,Vietnam,Backorder
370,Plush shark slippers (Gray) M,Steel Gray,Shrink Wrap,Shrink Wrap,Bandai,M,12,1,FALSE,12,32,47.84,0.35,16.37,Clothing,T-Shirts,Japan,In Stock
371,Plush shark slippers (Gray) S,Steel Gray,Unit,Pack,Mattel,S,12,1,FALSE,12,32,47.84,0.35,24.39,Accessories,Computer Acc,India,In Stock
372,Ogre battery-powered slippers (Green) XL,Green,Unit,Unit,Sony,XL,12,1,FALSE,12,32,47.84,0.4,24.16,Packing Materials,Shipping Supplies,Germany,In Stock
373,Ogre battery-powered slippers (Green) L,Green,Shrink Wrap,Pack,Hasbro,L,12,1,FALSE,12,32,47.84,0.35,16.11,Packing Materials,Shipping Supplies,Germany,In Stock
374,Ogre battery-powered slippers (Green) M,Green,Shrink Wrap,Blister Pack,Sony,M,12,1,FALSE,12,32,47.84,0.35,17.74,Novelty,Gift Items,Germany,In Stock
375,Ogre battery-powered slippers (Green) S,Green,Shrink Wrap,Unit,Hasbro,S,12,1,FALSE,12,32,47.84,0.35,21.31,Novelty,Gift Items,Germany,In Stock
376,Dinosaur battery-powered slippers (Green) XL,Green,Unit,Pack,Sony,XL,12,1,FALSE,12,32,47.84,0.4,18.96,Accessories,Computer Acc,Germany,In Stock
377,Dinosaur battery-powered slippers (Green) L,Green,Blister Pack,Shrink Wrap,Mattel,L,12,1,FALSE,12,32,47.84,0.35,22.24,Novelty,Gift Items,Vietnam,Backorder
378,Dinosaur battery-powered slippers (Green) M,Green,Pack,Shrink Wrap,LEGO,M,12,1,FALSE,12,32,47.84,0.35,18.19,Clothing,T-Shirts,Germany,In Stock
379,Dinosaur battery-powered slippers (Green) S,Green,Blister Pack,Shrink Wrap,Hasbro,S,12,1,FALSE,12,32,47.84,0.35,22.01,Accessories,Computer Acc,Vietnam,In Stock
380,Halloween skull mask (Gray) XL,Steel Gray,Blister Pack,Carton,Mattel,XL,12,12,FALSE,12,18,26.91,0.3,14.17,Clothing,T-Shirts,Japan,In Stock
381,Halloween skull mask (Gray) L,Steel Gray,Blister Pack,Carton,LEGO,L,12,12,FALSE,12,18,26.91,0.3,14.27,Novelty,Gift Items,China,In Stock
382,Halloween skull mask (Gray) M,Steel Gray,Unit,Carton,Bandai,M,12,12,FALSE,12,18,26.91,0.3,12.67,Toys,Action Figures,Vietnam,In Stock
383,Halloween skull mask (Gray) S,Steel Gray,Blister Pack,Carton,LEGO,S,12,12,FALSE,12,18,26.91,0.3,12.91,Novelty,Gift Items,China,In Stock
384,Halloween zombie mask (Light Brown) XL,Light Brown,Unit,Carton,LEGO,XL,12,12,FALSE,12,18,26.91,0.3,12.79,Packing Materials,Shipping Supplies,Vietnam,Backorder
385,Halloween zombie mask (Light Brown) L,Light Brown,Shrink Wrap,Carton,Bandai,L,12,12,FALSE,12,18,26.91,0.3,14.36,Toys,Action Figures,Vietnam,In Stock
386,Halloween zombie mask (Light Brown) M,Light Brown,Shrink Wrap,Carton,Bandai,M,12,12,FALSE,12,18,26.91,0.3,9.8,Toys,Action Figures,Vietnam,Backorder
387,Halloween zombie mask (Light Brown) S,Light Brown,Unit,Carton,LEGO,S,12,12,FALSE,12,18,26.91,0.3,12.09,Equipment,Workshop Tools,India,Backorder
388,Pack of 12 action figures (female),female,Packet,Packet,Mattel,Standard,2,1,FALSE,2,16,23.92,0.25,10.34,Packing Materials,Shipping Supplies,Germany,In Stock
389,Pack of 12 action figures (male),male,Packet,Packet,Bandai,Standard,2,1,FALSE,2,16,23.92,0.25,10.48,Toys,Action Figures,Germany,In Stock
390,Pack of 12 action figures (variety),variety,Packet,Packet,Hasbro,Standard,2,1,FALSE,2,16,23.92,0.25,9.35,Packing Materials,Shipping Supplies,China,In Stock
391,Ride on big wheel monster truck (Black) 1/12 scale,Black,Pack,Shrink Wrap,Northwind,1/12 scale,14,1,FALSE,14,345,515.78,21,209.55,Toys,Action Figures,China,In Stock
392,Ride on toy sedan car (Pink) 1/12 scale,Pink,Shrink Wrap,Blister Pack,Northwind,1/12 scale,14,1,FALSE,14,230,343.85,15,169.05,Accessories,Computer Acc,Vietnam,In Stock
393,Ride on toy sedan car (Yellow) 1/12 scale,Yellow,Unit,Blister Pack,Northwind,1/12 scale,14,1,FALSE,14,230,343.85,15,132.42,Toys,Action Figures,Vietnam,In Stock
394,Ride on toy sedan car (Green) 1/12 scale,Green,Shrink Wrap,Pack,Northwind,1/12 scale,14,1,FALSE,14,230,343.85,15,121.88,Clothing,T-Shirts,China,In Stock
395,Ride on toy sedan car (Blue) 1/12 scale,Blue,Pack,Unit,Northwind,1/12 scale,14,1,FALSE,14,230,343.85,15,180.61,Clothing,T-Shirts,India,In Stock
396,Ride on toy sedan car (Red) 1/12 scale,Red,Blister Pack,Blister Pack,Northwind,1/12 scale,14,1,FALSE,14,230,343.85,15,149.43,Clothing,T-Shirts,India,Backorder
397,Ride on toy sedan car (Black) 1/12 scale,Black,Unit,Pack,Northwind,1/12 scale,14,1,FALSE,14,230,343.85,15,119.85,Packing Materials,Shipping Supplies,China,In Stock
398,Office cube periscope (Black),Black,Shrink Wrap,Carton,Mattel,Standard,14,10,FALSE,14,18.5,27.66,0.25,12.7,Novelty,Gift Items,China,In Stock
399,"""The Gu"" red shirt XML tag t-shirt (White) 3XS",White,Unit,Carton,LEGO,3XS,7,12,FALSE,7,18,26.91,0.25,11.04,Clothing,T-Shirts,Japan,In Stock
400,"""The Gu"" red shirt XML tag t-shirt (White) XXS",White,Unit,Carton,Hasbro,XXS,7,12,FALSE,7,18,26.91,0.25,11.6,Novelty,Gift Items,India,In Stock
401,"""The Gu"" red shirt XML tag t-shirt (White) XS",White,Blister Pack,Carton,Hasbro,XS,7,12,FALSE,7,18,26.91,0.25,10.66,Equipment,Workshop Tools,Germany,Backorder
402,"""The Gu"" red shirt XML tag t-shirt (White) S",White,Blister Pack,Carton,LEGO,S,7,12,FALSE,7,18,26.91,0.3,11.73,Equipment,Workshop Tools,China,In Stock
403,"""The Gu"" red shirt XML tag t-shirt (White) M",White,Shrink Wrap,Carton,Bandai,M,7,12,FALSE,7,18,26.91,0.35,9.83,Clothing,T-Shirts,Vietnam,In Stock
404,"""The Gu"" red shirt XML tag t-shirt (White) L",White,Shrink Wrap,Carton,LEGO,L,7,12,FALSE,7,18,26.91,0.35,11.67,Equipment,Workshop Tools,China,In Stock
405,"""The Gu"" red shirt XML tag t-shirt (White) XL",White,Blister Pack,Carton,Mattel,XL,7,12,FALSE,7,18,26.91,0.35,9.41,Clothing,T-Shirts,Japan,Backorder
406,"""The Gu"" red shirt XML tag t-shirt (White) XXL",White,Pack,Carton,Hasbro,XXL,7,12,FALSE,7,18,26.91,0.4,13.36,Packing Materials,Shipping Supplies,Vietnam,In Stock
407,"""The Gu"" red shirt XML tag t-shirt (White) 3XL",White,Blister Pack,Carton,Mattel,3XL,7,12,FALSE,7,18,26.91,0.4,14.3,Novelty,Gift Items,India,Backorder
408,"""The Gu"" red shirt XML tag t-shirt (White) 4XL",White,Shrink Wrap,Carton,Sony,4XL,7,12,FALSE,7,18,26.91,0.4,12.62,Clothing,T-Shirts,China,In Stock
409,"""The Gu"" red shirt XML tag t-shirt (White) 5XL",White,Unit,Carton,Sony,5XL,7,12,FALSE,7,18,26.91,0.4,10.87,Packing Materials,Shipping Supplies,Germany,In Stock
410,"""The Gu"" red shirt XML tag t-shirt (White) 6XL",White,Pack,Carton,LEGO,6XL,7,12,FALSE,7,18,26.91,0.4,14.2,Clothing,T-Shirts,Vietnam,In Stock
411,"""The Gu"" red shirt XML tag t-shirt (White) 7XL",White,Unit,Carton,LEGO,7XL,7,12,FALSE,7,18,26.91,0.45,12.13,Accessories,Computer Acc,Japan,In Stock
412,"""The Gu"" red shirt XML tag t-shirt (Black) 3XS",Black,Pack,Carton,Mattel,3XS,7,12,FALSE,7,18,26.91,0.25,11.61,Novelty,Gift Items,Japan,In Stock
413,"""The Gu"" red shirt XML tag t-shirt (Black) XXS",Black,Shrink Wrap,Carton,Hasbro,XXS,7,12,FALSE,7,18,26.91,0.25,12.68,Packing Materials,Shipping Supplies,India,In Stock
414,"""The Gu"" red shirt XML tag t-shirt (Black) XS",Black,Unit,Carton,LEGO,XS,7,12,FALSE,7,18,26.91,0.25,12.12,Novelty,Gift Items,Vietnam,Backorder
415,"""The Gu"" red shirt XML tag t-shirt (Black) S",Black,Pack,Carton,LEGO,S,7,12,FALSE,7,18,26.91,0.3,11.63,Novelty,Gift Items,Japan,In Stock
416,"""The Gu"" red shirt XML tag t-shirt (Black) M",Black,Unit,Carton,Mattel,M,7,12,FALSE,7,18,26.91,0.35,9.71,Novelty,Gift Items,Japan,In Stock
417,"""The Gu"" red shirt XML tag t-shirt (Black) L",Black,Shrink Wrap,Carton,Hasbro,L,7,12,FALSE,7,18,26.91,0.35,10.75,Packing Materials,Shipping Supplies,India,In Stock
418,"""The Gu"" red shirt XML tag t-shirt (Black) XL",Black,Pack,Carton,LEGO,XL,7,12,FALSE,7,18,26.91,0.35,10.07,Packing Materials,Shipping Supplies,India,In Stock
419,"""The Gu"" red shirt XML tag t-shirt (Black) XXL",Black,Pack,Carton,Hasbro,XXL,7,12,FALSE,7,18,26.91,0.4,13.11,Accessories,Computer Acc,India,In Stock
420,"""The Gu"" red shirt XML tag t-shirt (Black) 3XL",Black,Shrink Wrap,Carton,Hasbro,3XL,7,12,FALSE,7,18,26.91,0.4,13.5,Accessories,Computer Acc,China,In Stock
421,"""The Gu"" red shirt XML tag t-shirt (Black) 4XL",Black,Unit,Carton,LEGO,4XL,7,12,FALSE,7,18,26.91,0.4,13.19,Clothing,T-Shirts,Japan,In Stock
422,"""The Gu"" red shirt XML tag t-shirt (Black) 5XL",Black,Pack,Carton,Mattel,5XL,7,12,FALSE,7,18,26.91,0.4,12.2,Toys,Action Figures,Germany,Backorder
423,"""The Gu"" red shirt XML tag t-shirt (Black) 6XL",Black,Unit,Carton,Hasbro,6XL,7,12,FALSE,7,18,26.91,0.4,10.59,Equipment,Workshop Tools,Japan,In Stock
424,"""The Gu"" red shirt XML tag t-shirt (Black) 7XL",Black,Pack,Carton,Mattel,7XL,7,12,FALSE,7,18,26.91,0.45,10.85,Novelty,Gift Items,Germany,In Stock
425,Alien officer hoodie (Black) XL,Black,Pack,Blister Pack,LEGO,XL,12,1,FALSE,12,35,52.33,0.4,20.64,Packing Materials,Shipping Supplies,Japan,In Stock
426,Alien officer hoodie (Black) XXL,Black,Shrink Wrap,Blister Pack,Bandai,XXL,12,1,FALSE,12,35,52.33,0.4,26.7,Packing Materials,Shipping Supplies,China,In Stock
427,Alien officer hoodie (Black) 3XL,Black,Shrink Wrap,Pack,LEGO,3XL,12,1,FALSE,12,35,52.33,0.4,18.34,Novelty,Gift Items,Germany,In Stock
428,Alien officer hoodie (Black) 4XL,Black,Unit,Blister Pack,Bandai,4XL,12,1,FALSE,12,35,52.33,0.4,23.58,Toys,Action Figures,China,In Stock
429,Alien officer hoodie (Black) 5XL,Black,Blister Pack,Shrink Wrap,Hasbro,5XL,12,1,FALSE,12,35,52.33,0.4,24.85,Packing Materials,Shipping Supplies,Germany,In Stock
430,Superhero action jacket (Blue) 3XS,Blue,Unit,Unit,Bandai,3XS,12,1,FALSE,12,25,37.38,0.3,15.49,Packing Materials,Shipping Supplies,China,Backorder
431,Superhero action jacket (Blue) XXS,Blue,Blister Pack,Pack,Bandai,XXS,12,1,FALSE,12,25,37.38,0.3,15.27,Novelty,Gift Items,Vietnam,In Stock
432,Superhero action jacket (Blue) XS,Blue,Shrink Wrap,Unit,LEGO,XS,12,1,FALSE,12,25,37.38,0.3,14.55,Equipment,Workshop Tools,China,In Stock
433,Superhero action jacket (Blue) S,Blue,Blister Pack,Shrink Wrap,Mattel,S,12,1,FALSE,12,25,37.38,0.3,16.61,Clothing,T-Shirts,Germany,In Stock
434,Superhero action jacket (Blue) M,Blue,Pack,Blister Pack,Hasbro,M,12,1,FALSE,12,30,44.85,0.35,18.31,Equipment,Workshop Tools,Germany,Backorder
435,Superhero action jacket (Blue) L,Blue,Blister Pack,Blister Pack,Sony,L,12,1,FALSE,12,30,44.85,0.35,16.72,Accessories,Computer Acc,Germany,In Stock
436,Superhero action jacket (Blue) XL,Blue,Blister Pack,Pack,LEGO,XL,12,1,FALSE,12,30,44.85,0.35,17.72,Accessories,Computer Acc,India,In Stock
437,Superhero action jacket (Blue) XXL,Blue,Unit,Shrink Wrap,Bandai,XXL,12,1,FALSE,12,30,44.85,0.35,15.25,Equipment,Workshop Tools,Japan,In Stock
438,Superhero action jacket (Blue) 3XL,Blue,Shrink Wrap,Pack,Bandai,3XL,12,1,FALSE,12,34,50.83,0.4,19.33,Packing Materials,Shipping Supplies,Japan,In Stock
439,Superhero action jacket (Blue) 4XL,Blue,Blister Pack,Unit,Sony,4XL,12,1,FALSE,12,34,50.83,0.4,25.6,Equipment,Workshop Tools,Germany,In Stock
440,Superhero action jacket (Blue) 5XL,Blue,Pack,Pack,Mattel,5XL,12,1,FALSE,12,34,50.83,0.4,24.26,Toys,Action Figures,Germany,Backorder
441,Furry animal socks (Pink) S,Pink,Pair,Packet,LEGO,S,12,12,FALSE,12,5,7.48,0.1,3.25,Accessories,Computer Acc,Japan,In Stock
442,Furry animal socks (Pink) M,Pink,Pair,Packet,Sony,M,12,12,FALSE,12,5,7.48,0.1,2.84,Equipment,Workshop Tools,Vietnam,In Stock
443,Furry animal socks (Pink) L,Pink,Pair,Packet,LEGO,L,12,12,FALSE,12,5,7.48,0.1,2.93,Packing Materials,Shipping Supplies,China,In Stock
444,Furry animal socks (Pink) XL,Pink,Pair,Packet,LEGO,XL,12,12,FALSE,12,5,7.48,0.1,3.06,Clothing,T-Shirts,India,Backorder
445,Novelty chilli chocolates 250g,No Color,Bag,Carton,Mattel,250g,3,24,TRUE,3,8.55,12.23,0.25,4.33,Packing Materials,Shipping Supplies,Vietnam,In Stock
446,Novelty chilli chocolates 500g,No Color,Bag,Carton,Bandai,500g,3,12,TRUE,3,14.5,20.74,0.5,9.13,Clothing,T-Shirts,Japan,In Stock
447,Chocolate beetles 250g,No Color,Bag,Carton,LEGO,250g,3,24,TRUE,3,8.55,12.23,0.25,6.41,Toys,Action Figures,India,Backorder
448,Chocolate echidnas 250g,No Color,Bag,Carton,LEGO,250g,3,24,TRUE,3,8.55,12.23,0.25,6.63,Clothing,T-Shirts,India,In Stock
449,Chocolate frogs 250g,No Color,Bag,Carton,Mattel,250g,3,24,TRUE,3,8.55,12.23,0.25,6.13,Clothing,T-Shirts,Germany,Backorder
450,Chocolate sharks 250g,No Color,Bag,Carton,Hasbro,250g,3,24,TRUE,3,8.55,12.23,0.25,4.85,Accessories,Computer Acc,Germany,In Stock
451,White chocolate snow balls 250g,No Color,Bag,Carton,Hasbro,250g,3,24,TRUE,3,8.55,12.23,0.25,6.55,Novelty,Gift Items,India,In Stock
452,White chocolate moon rocks 250g,No Color,Bag,Carton,Mattel,250g,3,24,TRUE,3,8.55,12.23,0.25,5.47,Novelty,Gift Items,India,Backorder
453,Ride on vintage American toy coupe (Black) 1/12 scale,Black,Blister Pack,Pack,Northwind,1/12 scale,14,1,FALSE,14,285,426.08,18,215.47,Toys,Action Figures,India,Backorder
454,Ride on vintage American toy coupe (Red) 1/12 scale,Red,Pack,Shrink Wrap,Northwind,1/12 scale,14,1,FALSE,14,285,426.08,18,188.19,Novelty,Gift Items,Vietnam,Backorder
455,RC big wheel monster truck with remote control (Black) 1/50 scale,Black,Blister Pack,Pack,Northwind,1/50 scale,14,1,FALSE,14,45,67.28,1.8,27.13,Toys,Action Figures,Germany,Backorder
456,RC vintage American toy coupe with remote control (Black) 1/50 scale,Black,Unit,Blister Pack,Northwind,1/50 scale,14,1,FALSE,14,30,44.85,1.7,18.37,Clothing,T-Shirts,China,In Stock
457,RC vintage American toy coupe with remote control (Red) 1/50 scale,Red,Blister Pack,Unit,Northwind,1/50 scale,14,1,FALSE,14,30,44.85,1.7,23.2,Accessories,Computer Acc,China,In Stock
458,RC toy sedan car with remote control (Pink) 1/50 scale,Pink,Pack,Shrink Wrap,Northwind,1/50 scale,14,1,FALSE,14,25,37.38,1.5,19.39,Clothing,T-Shirts,China,Backorder
459,RC toy sedan car with remote control (Yellow) 1/50 scale,Yellow,Shrink Wrap,Shrink Wrap,Northwind,1/50 scale,14,1,FALSE,14,25,37.38,1.5,13.86,Accessories,Computer Acc,Vietnam,In Stock
460,RC toy sedan car with remote control (Green) 1/50 scale,Green,Unit,Pack,Northwind,1/50 scale,14,1,FALSE,14,25,37.38,1.5,13.11,Equipment,Workshop Tools,Japan,Backorder
461,RC toy sedan car with remote control (Blue) 1/50 scale,Blue,Blister Pack,Blister Pack,Northwind,1/50 scale,14,1,FALSE,14,25,37.38,1.5,18.49,Packing Materials,Shipping Supplies,India,Backorder
462,RC toy sedan car with remote control (Red) 1/50 scale,Red,Unit,Blister Pack,Northwind,1/50 scale,14,1,FALSE,14,25,37.38,1.5,15.95,Toys,Action Figures,China,In Stock
463,RC toy sedan car with remote control (Black) 1/50 scale,Black,Shrink Wrap,Unit,Northwind,1/50 scale,14,1,FALSE,14,25,37.38,1.5,18.87,Equipment,Workshop Tools,Japan,Backorder
464,RC vintage American toy coupe with remote control (Black) 1/50 scale,Black,Unit,Pack,Northwind,1/50 scale,14,1,FALSE,14,30,44.85,1.7,15.76,Accessories,Computer Acc,Germany,In Stock
465,RC vintage American toy coupe with remote control (Red) 1/50 scale,Red,Pack,Pack,Northwind,1/50 scale,14,1,FALSE,14,30,44.85,1.7,20.58,Accessories,Computer Acc,China,In Stock
466,RC big wheel monster truck with remote control (Black) 1/50 scale,Black,Shrink Wrap,Shrink Wrap,Northwind,1/50 scale,14,1,FALSE,14,45,67.28,1.8,26.21,Clothing,T-Shirts,China,Backorder
467,RC toy sedan car with remote control (Black) 1/50 scale,Black,Shrink Wrap,Blister Pack,Northwind,1/50 scale,14,1,FALSE,14,25,37.38,1.5,18.97,Toys,Action Figures,Japan,In Stock
468,RC toy sedan car with remote control (Red) 1/50 scale,Red,Unit,Blister Pack,Northwind,1/50 scale,14,1,FALSE,14,25,37.38,1.5,14.89,Toys,Action Figures,India,Backorder
469,RC toy sedan car with remote control (Blue) 1/50 scale,Blue,Shrink Wrap,Unit,Northwind,1/50 scale,14,1,FALSE,14,25,37.38,1.5,19.09,Toys,Action Figures,China,In Stock
470,RC toy sedan car with remote control (Green) 1/50 scale,Green,Unit,Pack,Northwind,1/50 scale,14,1,FALSE,14,25,37.38,1.5,17.64,Clothing,T-Shirts,India,In Stock
471,RC toy sedan car with remote control (Yellow) 1/50 scale,Yellow,Blister Pack,Blister Pack,Northwind,1/50 scale,14,1,FALSE,14,25,37.38,1.5,14.55,Packing Materials,Shipping Supplies,Germany,In Stock
472,RC toy sedan car with remote control (Pink) 1/50 scale,Pink,Unit,Unit,Northwind,1/50 scale,14,1,FALSE,14,25,37.38,1.5,17.3,Accessories,Computer Acc,India,Backorder
473,RC vintage American toy coupe with remote control (Red) 1/50 scale,Red,Blister Pack,Shrink Wrap,Northwind,1/50 scale,14,1,FALSE,14,30,44.85,1.7,20.54,Clothing,T-Shirts,Vietnam,In Stock
474,RC vintage American toy coupe with remote control (Black) 1/50 scale,Black,Shrink Wrap,Blister Pack,Northwind,1/50 scale,14,1,FALSE,14,30,44.85,1.7,23.36,Accessories,Computer Acc,Japan,In Stock
475,Ride on vintage American toy coupe (Black) 1/12 scale,Black,Blister Pack,Unit,Northwind,1/12 scale,14,1,FALSE,14,285,426.08,18,201.69,Packing Materials,Shipping Supplies,China,In Stock
476,Ride on vintage American toy coupe (Red) 1/12 scale,Red,Unit,Shrink Wrap,Northwind,1/12 scale,14,1,FALSE,14,285,426.08,18,179.12,Clothing,T-Shirts,India,In Stock
477,Halloween zombie mask (Light Brown) S,Light Brown,Shrink Wrap,Carton,Mattel,S,12,12,FALSE,12,18,26.91,0.3,10.83,Accessories,Computer Acc,Germany,In Stock
478,Halloween zombie mask (Light Brown) M,Light Brown,Shrink Wrap,Carton,LEGO,M,12,12,FALSE,12,18,26.91,0.3,10.85,Accessories,Computer Acc,Germany,In Stock
479,Halloween zombie mask (Light Brown) L,Light Brown,Unit,Carton,LEGO,L,12,12,FALSE,12,18,26.91,0.3,11.89,Packing Materials,Shipping Supplies,Japan,In Stock
480,Halloween zombie mask (Light Brown) XL,Light Brown,Pack,Carton,Sony,XL,12,12,FALSE,12,18,26.91,0.3,12.62,Clothing,T-Shirts,Vietnam,In Stock
481,Halloween skull mask (Gray) S,Steel Gray,Pack,Carton,Sony,S,12,12,FALSE,12,18,26.91,0.3,10.43,Clothing,T-Shirts,Japan,In Stock
482,Halloween skull mask (Gray) M,Steel Gray,Pack,Carton,Bandai,M,12,12,FALSE,12,18,26.91,0.3,12.52,Toys,Action Figures,China,Backorder
483,Halloween skull mask (Gray) L,Steel Gray,Pack,Carton,Bandai,L,12,12,FALSE,12,18,26.91,0.3,10.31,Equipment,Workshop Tools,Japan,In Stock
484,Halloween skull mask (Gray) XL,Steel Gray,Pack,Carton,Hasbro,XL,12,12,FALSE,12,18,26.91,0.3,14.24,Packing Materials,Shipping Supplies,India,In Stock
485,Pack of 12 action figures (variety),variety,Packet,Packet,Hasbro,Standard,2,1,FALSE,2,16,23.92,0.25,12.06,Toys,Action Figures,Germany,Backorder
486,Pack of 12 action figures (male),male,Packet,Packet,LEGO,Standard,2,1,FALSE,2,16,23.92,0.25,11.83,Equipment,Workshop Tools,Vietnam,In Stock
487,Pack of 12 action figures (female),female,Packet,Packet,Bandai,Standard,2,1,FALSE,2,16,23.92,0.25,10.41,Accessories,Computer Acc,China,In Stock
488,Ride on toy sedan car (Black) 1/12 scale,Black,Shrink Wrap,Unit,Northwind,1/12 scale,14,1,FALSE,14,230,343.85,15,167.58,Clothing,T-Shirts,Germany,In Stock
489,Ride on toy sedan car (Red) 1/12 scale,Red,Blister Pack,Unit,Northwind,1/12 scale,14,1,FALSE,14,230,343.85,15,125.46,Toys,Action Figures,Germany,In Stock
490,Ride on toy sedan car (Blue) 1/12 scale,Blue,Blister Pack,Shrink Wrap,Northwind,1/12 scale,14,1,FALSE,14,230,343.85,15,117.34,Toys,Action Figures,China,Backorder
491,Ride on toy sedan car (Green) 1/12 scale,Green,Pack,Blister Pack,Northwind,1/12 scale,14,1,FALSE,14,230,343.85,15,143.1,Clothing,T-Shirts,Germany,In Stock
492,Ride on toy sedan car (Yellow) 1/12 scale,Yellow,Shrink Wrap,Unit,Northwind,1/12 scale,14,1,FALSE,14,230,343.85,15,166.43,Clothing,T-Shirts,China,Backorder
493,Ride on toy sedan car (Pink) 1/12 scale,Pink,Shrink Wrap,Blister Pack,Northwind,1/12 scale,14,1,FALSE,14,230,343.85,15,119.01,Novelty,Gift Items,India,In Stock
494,Ride on vintage American toy coupe (Red) 1/12 scale,Red,Unit,Pack,Northwind,1/12 scale,14,1,FALSE,14,285,426.08,18,169.24,Toys,Action Figures,Japan,Backorder
495,Ride on vintage American toy coupe (Black) 1/12 scale,Black,Blister Pack,Unit,Northwind,1/12 scale,14,1,FALSE,14,285,426.08,18,163.78,Toys,Action Figures,China,Backorder
496,Ride on big wheel monster truck (Black) 1/12 scale,Black,Pack,Pack,Northwind,1/12 scale,14,1,FALSE,14,345,515.78,21,196.64,Packing Materials,Shipping Supplies,Germany,In Stock
497,Animal with big feet slippers (Brown) XL,Brown,Shrink Wrap,Unit,Sony,XL,12,1,FALSE,12,32,47.84,0.4,24.54,Packing Materials,Shipping Supplies,China,In Stock
498,Animal with big feet slippers (Brown) L,Brown,Shrink Wrap,Unit,Sony,L,12,1,FALSE,12,32,47.84,0.35,18.69,Novelty,Gift Items,Vietnam,Backorder
499,Animal with big feet slippers (Brown) M,Brown,Blister Pack,Unit,Hasbro,M,12,1,FALSE,12,32,47.84,0.35,16.82,Packing Materials,Shipping Supplies,India,In Stock
500,Animal with big feet slippers (Brown) S,Brown,Shrink Wrap,Unit,Sony,S,12,1,FALSE,12,32,47.84,0.35,18.3,Clothing,T-Shirts,Germany,In Stock
501,Furry gorilla with big eyes slippers (Black) XL,Black,Unit,Blister Pack,LEGO,XL,12,1,FALSE,12,32,47.84,0.4,18.57,Novelty,Gift Items,Japan,Backorder
502,Furry gorilla with big eyes slippers (Black) L,Black,Blister Pack,Shrink Wrap,LEGO,L,12,1,FALSE,12,32,47.84,0.35,21.13,Equipment,Workshop Tools,Vietnam,Backorder
503,Furry gorilla with big eyes slippers (Black) M,Black,Shrink Wrap,Blister Pack,Bandai,M,12,1,FALSE,12,32,47.84,0.35,18.01,Novelty,Gift Items,Germany,Backorder
504,Furry gorilla with big eyes slippers (Black) S,Black,Pack,Shrink Wrap,Mattel,S,12,1,FALSE,12,32,47.84,0.35,21.9,Novelty,Gift Items,China,In Stock
505,Plush shark slippers (Gray) XL,Steel Gray,Blister Pack,Pack,Hasbro,XL,12,1,FALSE,12,32,47.84,0.4,23.26,Accessories,Computer Acc,Vietnam,In Stock
506,Plush shark slippers (Gray) L,Steel Gray,Blister Pack,Unit,LEGO,L,12,1,FALSE,12,32,47.84,0.35,23.34,Clothing,T-Shirts,India,In Stock
507,Plush shark slippers (Gray) M,Steel Gray,Pack,Blister Pack,LEGO,M,12,1,FALSE,12,32,47.84,0.35,18.14,Toys,Action Figures,Vietnam,In Stock
508,Plush shark slippers (Gray) S,Steel Gray,Shrink Wrap,Shrink Wrap,LEGO,S,12,1,FALSE,12,32,47.84,0.35,20.98,Clothing,T-Shirts,Japan,In Stock
509,Ogre battery-powered slippers (Green) XL,Green,Shrink Wrap,Pack,Hasbro,XL,12,1,FALSE,12,32,47.84,0.4,23.15,Equipment,Workshop Tools,Japan,In Stock
510,Ogre battery-powered slippers (Green) L,Green,Shrink Wrap,Shrink Wrap,Sony,L,12,1,FALSE,12,32,47.84,0.35,24.2,Clothing,T-Shirts,Germany,In Stock
511,Ogre battery-powered slippers (Green) M,Green,Shrink Wrap,Unit,Bandai,M,12,1,FALSE,12,32,47.84,0.35,22.25,Packing Materials,Shipping Supplies,India,In Stock
512,Ogre battery-powered slippers (Green) S,Green,Shrink Wrap,Blister Pack,LEGO,S,12,1,FALSE,12,32,47.84,0.35,24.45,Clothing,T-Shirts,Japan,Backorder
513,Dinosaur battery-powered slippers (Green) XL,Green,Shrink Wrap,Unit,Hasbro,XL,12,1,FALSE,12,32,47.84,0.4,24.25,Equipment,Workshop Tools,India,In Stock
514,Dinosaur battery-powered slippers (Green) L,Green,Blister Pack,Unit,Bandai,L,12,1,FALSE,12,32,47.84,0.35,16.73,Packing Materials,Shipping Supplies,Japan,Backorder
515,Dinosaur battery-powered slippers (Green) M,Green,Pack,Pack,Bandai,M,12,1,FALSE,12,32,47.84,0.35,22.11,Clothing,T-Shirts,China,Backorder
516,Dinosaur battery-powered slippers (Green) S,Green,Blister Pack,Pack,Hasbro,S,12,1,FALSE,12,32,47.84,0.35,20.12,Accessories,Computer Acc,India,Backorder
517,Dinosaur battery-powered slippers (Green) S,Green,Pack,Unit,Mattel,S,12,1,FALSE,12,32,47.84,0.35,22.53,Toys,Action Figures,India,In Stock
518,Dinosaur battery-powered slippers (Green) M,Green,Blister Pack,Blister Pack,Sony,M,12,1,FALSE,12,32,47.84,0.35,20.48,Toys,Action Figures,China,In Stock
519,Dinosaur battery-powered slippers (Green) L,Green,Shrink Wrap,Shrink Wrap,Hasbro,L,12,1,FALSE,12,32,47.84,0.35,23.64,Packing Materials,Shipping Supplies,Vietnam,In Stock
520,Dinosaur battery-powered slippers (Green) XL,Green,Shrink Wrap,Unit,Sony,XL,12,1,FALSE,12,32,47.84,0.4,19.02,Packing Materials,Shipping Supplies,Germany,Backorder
521,Ogre battery-powered slippers (Green) S,Green,Unit,Pack,Bandai,S,12,1,FALSE,12,32,47.84,0.35,19.35,Accessories,Computer Acc,India,Backorder
522,Ogre battery-powered slippers (Green) M,Green,Blister Pack,Blister Pack,Hasbro,M,12,1,FALSE,12,32,47.84,0.35,20.32,Accessories,Computer Acc,Germany,In Stock
523,Ogre battery-powered slippers (Green) L,Green,Pack,Blister Pack,Mattel,L,12,1,FALSE,12,32,47.84,0.35,22.87,Novelty,Gift Items,India,In Stock
524,Ogre battery-powered slippers (Green) XL,Green,Pack,Pack,Bandai,XL,12,1,FALSE,12,32,47.84,0.4,23.51,Toys,Action Figures,Japan,In Stock
525,Plush shark slippers (Gray) S,Steel Gray,Shrink Wrap,Blister Pack,LEGO,S,12,1,FALSE,12,32,47.84,0.35,20.56,Equipment,Workshop Tools,Japan,In Stock
526,Plush shark slippers (Gray) M,Steel Gray,Unit,Shrink Wrap,Bandai,M,12,1,FALSE,12,32,47.84,0.35,20.02,Toys,Action Figures,Germany,Backorder
527,Plush shark slippers (Gray) L,Steel Gray,Blister Pack,Unit,Sony,L,12,1,FALSE,12,32,47.84,0.35,19.55,Clothing,T-Shirts,China,In Stock
528,Plush shark slippers (Gray) XL,Steel Gray,Blister Pack,Unit,LEGO,XL,12,1,FALSE,12,32,47.84,0.4,25.27,Novelty,Gift Items,Germany,In Stock
529,Furry gorilla with big eyes slippers (Black) S,Black,Pack,Unit,Mattel,S,12,1,FALSE,12,32,47.84,0.35,17.28,Novelty,Gift Items,Japan,In Stock
530,Furry gorilla with big eyes slippers (Black) M,Black,Blister Pack,Shrink Wrap,Sony,M,12,1,FALSE,12,32,47.84,0.35,18.74,Accessories,Computer Acc,India,In Stock
531,Furry gorilla with big eyes slippers (Black) L,Black,Pack,Pack,Sony,L,12,1,FALSE,12,32,47.84,0.35,25.01,Toys,Action Figures,China,In Stock
532,Furry gorilla with big eyes slippers (Black) XL,Black,Blister Pack,Pack,LEGO,XL,12,1,FALSE,12,32,47.84,0.4,22.08,Accessories,Computer Acc,India,In Stock
533,Animal with big feet slippers (Brown) S,Brown,Unit,Shrink Wrap,Hasbro,S,12,1,FALSE,12,32,47.84,0.35,23.77,Toys,Action Figures,Germany,In Stock
534,Animal with big feet slippers (Brown) M,Brown,Shrink Wrap,Shrink Wrap,Hasbro,M,12,1,FALSE,12,32,47.84,0.35,20.62,Toys,Action Figures,China,In Stock
535,Animal with big feet slippers (Brown) L,Brown,Shrink Wrap,Unit,Bandai,L,12,1,FALSE,12,32,47.84,0.35,22.24,Toys,Action Figures,Germany,In Stock
536,Animal with big feet slippers (Brown) XL,Brown,Pack,Blister Pack,Mattel,XL,12,1,FALSE,12,32,47.84,0.4,25.3,Packing Materials,Shipping Supplies,India,In Stock
537,USB food flash drive - dessert 10 drive variety pack,No Color,Packet,Packet,Mattel,Standard,14,1,FALSE,14,240,358.8,0.5,130.2,Toys,Action Figures,Germany,In Stock
538,USB food flash drive - fortune cookie,No Color,Blister Pack,Blister Pack,Sony,Standard,14,1,FALSE,14,32,47.84,0.05,20.6,Novelty,Gift Items,India,In Stock
539,USB food flash drive - shrimp cocktail,No Color,Shrink Wrap,Unit,Sony,Standard,14,1,FALSE,14,32,47.84,0.05,16.88,Equipment,Workshop Tools,Japan,In Stock
540,USB food flash drive - donut,No Color,Unit,Shrink Wrap,Sony,Standard,14,1,FALSE,14,32,47.84,0.05,17.17,Clothing,T-Shirts,Vietnam,In Stock
541,USB food flash drive - cookie,No Color,Unit,Shrink Wrap,Sony,Standard,14,1,FALSE,14,32,47.84,0.05,24.11,Novelty,Gift Items,India,In Stock
542,USB food flash drive - chocolate bar,No Color,Shrink Wrap,Unit,Hasbro,Standard,14,1,FALSE,14,32,47.84,0.05,16.65,Toys,Action Figures,Germany,Backorder
543,USB food flash drive - banana,No Color,Blister Pack,Shrink Wrap,LEGO,Standard,14,1,FALSE,14,32,47.84,0.05,17.11,Accessories,Computer Acc,Vietnam,In Stock
544,USB food flash drive - dim sum 10 drive variety pack,No Color,Packet,Packet,Hasbro,Standard,14,1,FALSE,14,240,358.8,0.5,125.55,Clothing,T-Shirts,China,In Stock
545,USB food flash drive - pizza slice,No Color,Blister Pack,Shrink Wrap,LEGO,Standard,14,1,FALSE,14,32,47.84,0.05,21.37,Novelty,Gift Items,China,In Stock
546,USB food flash drive - hot dog,No Color,Unit,Pack,Bandai,Standard,14,1,FALSE,14,32,47.84,0.05,16.58,Clothing,T-Shirts,Japan,Backorder
547,USB food flash drive - hamburger,No Color,Shrink Wrap,Pack,Sony,Standard,14,1,FALSE,14,32,47.84,0.05,24.12,Novelty,Gift Items,Japan,In Stock
548,USB food flash drive - sushi roll,No Color,Blister Pack,Shrink Wrap,Hasbro,Standard,14,1,FALSE,14,32,47.84,0.05,18.2,Equipment,Workshop Tools,Japan,In Stock
549,DBA joke mug - mind if I join you? (White),White,Unit,Blister Pack,Sony,Standard,12,1,FALSE,12,13,19.44,0.15,7.82,Accessories,Computer Acc,Vietnam,In Stock
550,DBA joke mug - mind if I join you? (Black),Black,Unit,Shrink Wrap,Bandai,Standard,12,1,FALSE,12,13,19.44,0.15,8.67,Clothing,T-Shirts,Japan,In Stock
551,DBA joke mug - daaaaaa-ta (White),White,Blister Pack,Pack,LEGO,Standard,12,1,FALSE,12,13,19.44,0.15,8.02,Toys,Action Figures,Germany,In Stock
552,DBA joke mug - daaaaaa-ta (Black),Black,Blister Pack,Pack,LEGO,Standard,12,1,FALSE,12,13,19.44,0.15,9.6,Equipment,Workshop Tools,Vietnam,In Stock
553,DBA joke mug - you might be a DBA if (White),White,Pack,Unit,LEGO,Standard,12,1,FALSE,12,13,19.44,0.15,6.71,Accessories,Computer Acc,China,In Stock
554,DBA joke mug - you might be a DBA if (Black),Black,Unit,Pack,Hasbro,Standard,12,1,FALSE,12,13,19.44,0.15,8.1,Accessories,Computer Acc,Vietnam,In Stock
555,DBA joke mug - it depends (White),White,Pack,Pack,LEGO,Standard,12,1,FALSE,12,13,19.44,0.15,9.64,Toys,Action Figures,Germany,In Stock
556,DBA joke mug - it depends (Black),Black,Blister Pack,Pack,Bandai,Standard,12,1,FALSE,12,13,19.44,0.15,7.3,Novelty,Gift Items,China,In Stock
557,DBA joke mug - I will get you in order (White),White,Blister Pack,Blister Pack,Mattel,Standard,12,1,FALSE,12,13,19.44,0.15,7.82,Toys,Action Figures,Germany,Backorder
558,DBA joke mug - I will get you in order (Black),Black,Pack,Pack,Hasbro,Standard,12,1,FALSE,12,13,19.44,0.15,7.28,Novelty,Gift Items,Germany,In Stock
559,DBA joke mug - SELECT caffeine FROM mug (White),White,Unit,Shrink Wrap,Sony,Standard,12,1,FALSE,12,13,19.44,0.15,8.62,Clothing,T-Shirts,China,In Stock
560,DBA joke mug - SELECT caffeine FROM mug (Black),Black,Blister Pack,Shrink Wrap,LEGO,Standard,12,1,FALSE,12,13,19.44,0.15,7.14,Accessories,Computer Acc,Vietnam,In Stock
561,DBA joke mug - two types of DBAs (White),White,Pack,Shrink Wrap,Sony,Standard,12,1,FALSE,12,13,19.44,0.15,8.58,Accessories,Computer Acc,Vietnam,In Stock
562,DBA joke mug - two types of DBAs (Black),Black,Blister Pack,Shrink Wrap,Bandai,Standard,12,1,FALSE,12,13,19.44,0.15,9.23,Novelty,Gift Items,Vietnam,In Stock
563,Developer joke mug - Oct 31 = Dec 25 (White),White,Shrink Wrap,Shrink Wrap,Bandai,Standard,12,1,FALSE,12,13,19.44,0.15,9.85,Packing Materials,Shipping Supplies,Japan,In Stock
564,Developer joke mug - Oct 31 = Dec 25 (Black),Black,Blister Pack,Pack,Sony,Standard,12,1,FALSE,12,13,19.44,0.15,10.04,Toys,Action Figures,Germany,In Stock
565,Developer joke mug - that's a hardware problem (White),White,Pack,Unit,Mattel,Standard,12,1,FALSE,12,13,19.44,0.15,8.61,Packing Materials,Shipping Supplies,Vietnam,Backorder
566,Developer joke mug - that's a hardware problem (Black),Black,Unit,Shrink Wrap,Hasbro,Standard,12,1,FALSE,12,13,19.44,0.15,6.74,Packing Materials,Shipping Supplies,Germany,In Stock
567,Developer joke mug - fun was unexpected at this time (White),White,Shrink Wrap,Shrink Wrap,Hasbro,Standard,12,1,FALSE,12,13,19.44,0.15,7.47,Toys,Action Figures,India,In Stock
568,Developer joke mug - fun was unexpected at this time (Black),Black,Shrink Wrap,Pack,LEGO,Standard,12,1,FALSE,12,13,19.44,0.15,9.79,Accessories,Computer Acc,Vietnam,In Stock
569,Developer joke mug - when your hammer is C++ (White),White,Shrink Wrap,Blister Pack,Mattel,Standard,12,1,FALSE,12,13,19.44,0.15,9.23,Packing Materials,Shipping Supplies,China,In Stock
570,Developer joke mug - when your hammer is C++ (Black),Black,Unit,Unit,LEGO,Standard,12,1,FALSE,12,13,19.44,0.15,8.35,Clothing,T-Shirts,China,Backorder
571,Developer joke mug - inheritance is the OO way to become wealthy (White),White,Shrink Wrap,Blister Pack,Mattel,Standard,12,1,FALSE,12,13,19.44,0.15,8.05,Toys,Action Figures,Vietnam,In Stock
572,Developer joke mug - inheritance is the OO way to become wealthy (Black),Black,Shrink Wrap,Pack,Hasbro,Standard,12,1,FALSE,12,13,19.44,0.15,9.01,Packing Materials,Shipping Supplies,Germany,In Stock
573,"Developer joke mug - (hip, hip, array) (White)",White,Shrink Wrap,Pack,LEGO,Standard,12,1,FALSE,12,13,19.44,0.15,7.78,Packing Materials,Shipping Supplies,Germany,In Stock
574,"Developer joke mug - (hip, hip, array) (Black)",Black,Pack,Blister Pack,Hasbro,Standard,12,1,FALSE,12,13,19.44,0.15,7.35,Accessories,Computer Acc,India,In Stock
575,Developer joke mug - understanding recursion requires understanding recursion (White),White,Unit,Shrink Wrap,LEGO,Standard,12,1,FALSE,12,13,19.44,0.15,6.97,Packing Materials,Shipping Supplies,Japan,In Stock
576,Developer joke mug - understanding recursion requires understanding recursion (Black),Black,Pack,Pack,Hasbro,Standard,12,1,FALSE,12,13,19.44,0.15,7.22,Equipment,Workshop Tools,Vietnam,In Stock
577,Developer joke mug - there are 10 types of people in the world (White),White,Pack,Pack,Hasbro,Standard,12,1,FALSE,12,13,19.44,0.15,8.53,Toys,Action Figures,China,In Stock
578,Developer joke mug - there are 10 types of people in the world (Black),Black,Unit,Pack,Bandai,Standard,12,1,FALSE,12,13,19.44,0.15,6.52,Accessories,Computer Acc,India,In Stock
579,Developer joke mug - a foo walks into a bar (White),White,Unit,Unit,Bandai,Standard,12,1,FALSE,12,13,19.44,0.15,8.71,Packing Materials,Shipping Supplies,Vietnam,In Stock
580,Developer joke mug - a foo walks into a bar (Black),Black,Shrink Wrap,Unit,Bandai,Standard,12,1,FALSE,12,13,19.44,0.15,7.3,Packing Materials,Shipping Supplies,Germany,In Stock
581,Developer joke mug - this code was generated by a tool (White),White,Shrink Wrap,Shrink Wrap,Bandai,Standard,12,1,FALSE,12,13,19.44,0.15,7.1,Toys,Action Figures,Vietnam,In Stock
582,Developer joke mug - this code was generated by a tool (Black),Black,Unit,Pack,Bandai,Standard,12,1,FALSE,12,13,19.44,0.15,8.18,Clothing,T-Shirts,Japan,In Stock
583,Developer joke mug - old C developers never die (White),White,Shrink Wrap,Blister Pack,LEGO,Standard,12,1,FALSE,12,13,19.44,0.15,6.61,Packing Materials,Shipping Supplies,Japan,In Stock
584,Developer joke mug - old C developers never die (Black),Black,Pack,Pack,LEGO,Standard,12,1,FALSE,12,13,19.44,0.15,9.94,Packing Materials,Shipping Supplies,Japan,Backorder
585,IT joke mug - keyboard not found … press F1 to continue (White),White,Unit,Shrink Wrap,Mattel,Standard,12,1,FALSE,12,13,19.44,0.15,7.13,Clothing,T-Shirts,China,In Stock
586,IT joke mug - keyboard not found … press F1 to continue (Black),Black,Pack,Unit,Bandai,Standard,12,1,FALSE,12,13,19.44,0.15,7.02,Toys,Action Figures,Germany,In Stock
587,IT joke mug - that behavior is by design (White),White,Shrink Wrap,Unit,Sony,Standard,12,1,FALSE,12,13,19.44,0.15,10.27,Clothing,T-Shirts,Vietnam,Backorder
588,IT joke mug - that behavior is by design (Black),Black,Pack,Blister Pack,Bandai,Standard,12,1,FALSE,12,13,19.44,0.15,6.93,Toys,Action Figures,Germany,In Stock
589,IT joke mug - hardware: part of the computer that can be kicked (White),White,Unit,Blister Pack,Sony,Standard,12,1,FALSE,12,13,19.44,0.15,9.11,Packing Materials,Shipping Supplies,China,In Stock
590,IT joke mug - hardware: part of the computer that can be kicked (Black),Black,Unit,Blister Pack,Bandai,Standard,12,1,FALSE,12,13,19.44,0.15,10.14,Toys,Action Figures,India,Backorder
591,USB food flash drive - sushi roll,No Color,Blister Pack,Pack,Bandai,Standard,14,1,FALSE,14,32,47.84,0.05,16.64,Accessories,Computer Acc,Japan,In Stock
592,USB food flash drive - hamburger,No Color,Shrink Wrap,Shrink Wrap,Hasbro,Standard,14,1,FALSE,14,32,47.84,0.05,24.47,Packing Materials,Shipping Supplies,China,In Stock
593,USB food flash drive - hot dog,No Color,Shrink Wrap,Pack,Sony,Standard,14,1,FALSE,14,32,47.84,0.05,18.38,Packing Materials,Shipping Supplies,Vietnam,In Stock
594,USB food flash drive - pizza slice,No Color,Unit,Unit,Hasbro,Standard,14,1,FALSE,14,32,47.84,0.05,22.41,Packing Materials,Shipping Supplies,China,In Stock
595,USB food flash drive - dim sum 10 drive variety pack,No Color,Packet,Packet,LEGO,Standard,14,1,FALSE,14,240,358.8,0.5,124.49,Packing Materials,Shipping Supplies,Japan,In Stock
596,USB food flash drive - banana,No Color,Blister Pack,Blister Pack,LEGO,Standard,14,1,FALSE,14,32,47.84,0.05,22.46,Novelty,Gift Items,Germany,In Stock
597,USB food flash drive - chocolate bar,No Color,Pack,Blister Pack,Mattel,Standard,14,1,FALSE,14,32,47.84,0.05,20.84,Novelty,Gift Items,China,In Stock
598,USB food flash drive - cookie,No Color,Shrink Wrap,Blister Pack,Bandai,Standard,14,1,FALSE,14,32,47.84,0.05,19.89,Accessories,Computer Acc,India,In Stock
599,USB food flash drive - donut,No Color,Pack,Shrink Wrap,Sony,Standard,14,1,FALSE,14,32,47.84,0.05,17.01,Toys,Action Figures,Vietnam,In Stock
600,USB food flash drive - shrimp cocktail,No Color,Pack,Blister Pack,Sony,Standard,14,1,FALSE,14,32,47.84,0.05,20.61,Novelty,Gift Items,India,In Stock
601,USB food flash drive - fortune cookie,No Color,Unit,Pack,Sony,Standard,14,1,FALSE,14,32,47.84,0.05,19.42,Equipment,Workshop Tools,China,In Stock
602,USB food flash drive - dessert 10 drive variety pack,No Color,Packet,Packet,Sony,Standard,14,1,FALSE,14,240,358.8,0.5,169.88,Toys,Action Figures,Germany,Backorder
603,USB missile launcher (Green),Green,Blister Pack,Blister Pack,Hasbro,Standard,14,1,FALSE,14,25,37.38,0.3,15.2,Packing Materials,Shipping Supplies,China,In Stock
604,USB rocket launcher (Gray),Steel Gray,Blister Pack,Unit,Mattel,Standard,14,1,FALSE,14,25,37.38,0.3,19.37,Accessories,Computer Acc,Japan,Backorder
605,Small sized bubblewrap roll 10m,No Color,Blister Pack,Blister Pack,Bandai,10m,14,10,FALSE,14,4.5,6.73,5,3.17,Clothing,T-Shirts,India,Backorder
606,Medium sized bubblewrap roll 20m,No Color,Blister Pack,Blister Pack,Sony,20m,14,10,FALSE,14,20,29.9,6,14.14,Accessories,Computer Acc,Japan,Backorder
607,Large sized bubblewrap roll 50m,No Color,Shrink Wrap,Pack,LEGO,50m,14,10,FALSE,14,24,35.88,10,13.21,Clothing,T-Shirts,China,In Stock
608,10 mm Double sided bubble wrap 10m,No Color,Pack,Unit,LEGO,10m,14,10,FALSE,14,15,22.43,5,9.32,Equipment,Workshop Tools,India,In Stock
609,10 mm Double sided bubble wrap 20m,No Color,Shrink Wrap,Pack,Mattel,20m,14,10,FALSE,14,30,44.85,6,22.32,Toys,Action Figures,Germany,Backorder
610,10 mm Double sided bubble wrap 50m,No Color,Pack,Shrink Wrap,Sony,50m,14,10,FALSE,14,105,156.98,10,67.05,Equipment,Workshop Tools,India,In Stock
611,20 mm Double sided bubble wrap 10m,No Color,Blister Pack,Shrink Wrap,Hasbro,10m,14,10,FALSE,14,18,26.91,5,10.98,Packing Materials,Shipping Supplies,India,Backorder
612,20 mm Double sided bubble wrap 20m,No Color,Blister Pack,Shrink Wrap,Bandai,20m,14,10,FALSE,14,33,49.34,6,23.39,Equipment,Workshop Tools,Vietnam,In Stock
613,20 mm Double sided bubble wrap 50m,No Color,Pack,Shrink Wrap,Bandai,50m,14,10,FALSE,14,108,161.46,10,81.86,Clothing,T-Shirts,Japan,In Stock
614,32 mm Double sided bubble wrap 10m,No Color,Blister Pack,Unit,LEGO,10m,14,10,FALSE,14,22,32.89,5,17.3,Accessories,Computer Acc,China,In Stock
615,32 mm Double sided bubble wrap 20m,No Color,Shrink Wrap,Blister Pack,Bandai,20m,14,10,FALSE,14,37,55.32,6,21.95,Clothing,T-Shirts,India,In Stock
616,32 mm Double sided bubble wrap 50m,No Color,Pack,Pack,Hasbro,50m,14,10,FALSE,14,112,167.44,10,74.44,Equipment,Workshop Tools,China,In Stock
617,10 mm Anti static bubble wrap (Blue) 10m,Blue,Pack,Pack,LEGO,10m,14,10,FALSE,14,26,38.87,5,16.47,Accessories,Computer Acc,Japan,In Stock
618,10 mm Anti static bubble wrap (Blue) 20m,Blue,Shrink Wrap,Shrink Wrap,Hasbro,20m,14,10,FALSE,14,42,62.79,6,26.9,Novelty,Gift Items,India,In Stock
619,10 mm Anti static bubble wrap (Blue) 50m,Blue,Unit,Pack,Sony,50m,14,10,FALSE,14,99,148.01,10,63.76,Toys,Action Figures,India,Backorder
620,20 mm Anti static bubble wrap (Blue) 10m,Blue,Unit,Blister Pack,LEGO,10m,14,10,FALSE,14,29,43.36,5,21.78,Novelty,Gift Items,Germany,In Stock
621,20 mm Anti static bubble wrap (Blue) 20m,Blue,Blister Pack,Unit,Bandai,20m,14,10,FALSE,14,45,67.28,6,31.22,Packing Materials,Shipping Supplies,India,In Stock
622,20 mm Anti static bubble wrap (Blue) 50m,Blue,Blister Pack,Pack,LEGO,50m,14,10,FALSE,14,102,152.49,10,77.17,Packing Materials,Shipping Supplies,Germany,In Stock
623,32 mm Anti static bubble wrap (Blue) 10m,Blue,Shrink Wrap,Shrink Wrap,Mattel,10m,14,10,FALSE,14,32,47.84,5,23.62,Clothing,T-Shirts,Japan,Backorder
624,32 mm Anti static bubble wrap (Blue) 20m,Blue,Shrink Wrap,Pack,LEGO,20m,14,10,FALSE,14,48,71.76,6,27.74,Packing Materials,Shipping Supplies,Germany,In Stock
625,32 mm Anti static bubble wrap (Blue) 50m,Blue,Unit,Pack,Bandai,50m,14,10,FALSE,14,105,156.98,10,60.98,Accessories,Computer Acc,India,In Stock
626,Bubblewrap dispenser (Black) 1.5m,Black,Unit,Shrink Wrap,Bandai,1.5m,14,1,FALSE,14,240,358.8,10,184.83,Clothing,T-Shirts,Germany,In Stock
627,Bubblewrap dispenser (Blue) 1.5m,Blue,Pack,Shrink Wrap,Bandai,1.5m,14,1,FALSE,14,240,358.8,10,184.67,Clothing,T-Shirts,Germany,In Stock
628,Bubblewrap dispenser (Red) 1.5m,Red,Pack,Pack,Hasbro,1.5m,14,1,FALSE,14,240,358.8,10,184.62,Novelty,Gift Items,Vietnam,In Stock
629,Shipping carton (Brown) 413x285x187mm,Brown,Shrink Wrap,Unit,Mattel,413x285x187mm,14,25,FALSE,14,1.05,1.57,0.3,0.79,Novelty,Gift Items,Vietnam,In Stock
630,Shipping carton (Brown) 500x310x310mm,Brown,Unit,Shrink Wrap,Mattel,500x310x310mm,14,25,FALSE,14,2.55,3.81,0.4,1.94,Packing Materials,Shipping Supplies,India,In Stock
631,Shipping carton (Brown) 229x229x229mm,Brown,Shrink Wrap,Unit,Hasbro,229x229x229mm,14,25,FALSE,14,1.05,1.57,0.3,0.56,Novelty,Gift Items,India,In Stock
632,Shipping carton (Brown) 279x254x217mm,Brown,Blister Pack,Pack,Hasbro,279x254x217mm,14,25,FALSE,14,1.11,1.66,0.3,0.57,Novelty,Gift Items,India,In Stock
633,Shipping carton (Brown) 356x229x229mm,Brown,Pack,Shrink Wrap,Hasbro,356x229x229mm,14,25,FALSE,14,1.14,1.7,0.4,0.78,Packing Materials,Shipping Supplies,India,In Stock
634,Shipping carton (Brown) 457x279x279mm,Brown,Pack,Shrink Wrap,Mattel,457x279x279mm,14,25,FALSE,14,1.28,1.91,0.4,0.9,Clothing,T-Shirts,India,In Stock
635,Shipping carton (Brown) 480x270x320mm,Brown,Shrink Wrap,Blister Pack,Sony,480x270x320mm,14,25,FALSE,14,2.74,4.1,0.4,1.77,Novelty,Gift Items,Germany,In Stock
636,Shipping carton (Brown) 305x305x305mm,Brown,Unit,Pack,Bandai,305x305x305mm,14,25,FALSE,14,3.5,5.23,0.3,2.65,Clothing,T-Shirts,China,In Stock
637,Shipping carton (Brown) 356x356x279mm,Brown,Pack,Unit,LEGO,356x356x279mm,14,25,FALSE,14,2.04,3.05,0.3,1.23,Novelty,Gift Items,China,In Stock
638,Shipping carton (Brown) 457x457x457mm,Brown,Unit,Pack,Mattel,457x457x457mm,14,25,FALSE,14,2.1,3.14,0.4,1.31,Novelty,Gift Items,Germany,Backorder
639,Express post box 5kg (White) 350x280x130mm,White,Blister Pack,Shrink Wrap,Hasbro,350x280x130mm,14,25,FALSE,14,0.95,1.42,0.2,0.62,Accessories,Computer Acc,Japan,In Stock
640,3 kg Courier post bag (White) 300x190x95mm,White,Unit,Unit,Mattel,300x190x95mm,14,25,FALSE,14,0.66,0.99,0.1,0.43,Accessories,Computer Acc,China,In Stock
641,Clear packaging tape 48mmx75m,No Color,Pack,Unit,LEGO,48mmx75m,14,26,FALSE,14,2.9,4.34,0.5,2.04,Novelty,Gift Items,Germany,In Stock
642,Clear packaging tape 48mmx100m,No Color,Unit,Shrink Wrap,Mattel,48mmx100m,14,20,FALSE,14,3.5,5.23,0.7,1.82,Accessories,Computer Acc,Germany,In Stock
643,Black and orange fragile despatch tape 48mmx75m,No Color,Unit,Blister Pack,Mattel,48mmx75m,14,36,FALSE,14,3.7,5.53,0.5,2.45,Equipment,Workshop Tools,Japan,In Stock
644,Black and orange fragile despatch tape 48mmx100m,No Color,Unit,Unit,Bandai,48mmx100m,14,36,FALSE,14,4.1,6.13,0.7,3.01,Equipment,Workshop Tools,Japan,In Stock
645,Black and orange glass with care despatch tape 48mmx75m,No Color,Blister Pack,Blister Pack,Bandai,48mmx75m,14,24,FALSE,14,3.7,5.53,0.5,2.45,Accessories,Computer Acc,India,In Stock
646,Black and orange glass with care despatch tape  48mmx100m,No Color,Unit,Unit,Sony,48mmx100m,14,24,FALSE,14,4.1,6.13,0.7,2.28,Toys,Action Figures,China,Backorder
647,Black and orange handle with care despatch tape  48mmx75m,No Color,Unit,Pack,Sony,48mmx75m,14,24,FALSE,14,3.7,5.53,0.5,2.03,Packing Materials,Shipping Supplies,India,Backorder
648,Black and orange handle with care despatch tape  48mmx100m,No Color,Pack,Unit,Mattel,48mmx100m,14,24,FALSE,14,4.1,6.13,0.7,2.23,Novelty,Gift Items,Germany,Backorder
649,Black and orange this way up despatch tape 48mmx75m,No Color,Blister Pack,Shrink Wrap,Hasbro,48mmx75m,14,24,FALSE,14,3.7,5.53,0.5,2.65,Novelty,Gift Items,India,Backorder
650,Black and orange this way up despatch tape  48mmx100m,No Color,Blister Pack,Shrink Wrap,Mattel,48mmx100m,14,24,FALSE,14,4.1,6.13,0.7,2.86,Equipment,Workshop Tools,India,In Stock
651,Black and yellow heavy despatch tape  48mmx75m,No Color,Shrink Wrap,Blister Pack,Sony,48mmx75m,14,24,FALSE,14,3.7,5.53,0.5,2.06,Equipment,Workshop Tools,China,In Stock
652,Black and yellow heavy despatch tape 48mmx100m,No Color,Blister Pack,Unit,Bandai,48mmx100m,14,24,FALSE,14,4.1,6.13,0.7,3.12,Accessories,Computer Acc,Vietnam,Backorder
653,Red and white urgent despatch tape 48mmx75m,No Color,Blister Pack,Pack,Sony,48mmx75m,14,24,FALSE,14,3.7,5.53,0.5,2.49,Accessories,Computer Acc,Germany,In Stock
654,Red and white urgent  heavy despatch tape  48mmx100m,No Color,Blister Pack,Shrink Wrap,Mattel,48mmx100m,14,24,FALSE,14,4.1,6.13,0.7,2.19,Packing Materials,Shipping Supplies,Japan,Backorder
655,Tape dispenser (Black),Black,Shrink Wrap,Unit,Sony,Standard,20,10,FALSE,20,32,47.84,1,22.52,Accessories,Computer Acc,Germany,In Stock
656,Tape dispenser (Red),Red,Pack,Shrink Wrap,Bandai,Standard,20,10,FALSE,20,32,47.84,1,20.31,Toys,Action Figures,Germany,In Stock
657,Tape dispenser (Blue),Blue,Pack,Shrink Wrap,Mattel,Standard,20,10,FALSE,20,32,47.84,1,23.44,Novelty,Gift Items,China,In Stock
658,Permanent marker black 5mm nib (Black) 5mm,Black,Pack,Unit,Mattel,5mm,14,12,FALSE,14,2.7,4.04,0.1,2.1,Novelty,Gift Items,Germany,In Stock
659,Permanent marker blue 5mm nib (Blue) 5mm,Blue,Blister Pack,Pack,Sony,5mm,14,12,FALSE,14,2.7,4.04,0.1,1.95,Toys,Action Figures,Germany,In Stock
660,Permanent marker red 5mm nib (Red) 5mm,Red,Unit,Shrink Wrap,Sony,5mm,14,12,FALSE,14,2.7,4.04,0.1,1.73,Accessories,Computer Acc,Vietnam,In Stock
661,Packing knife with metal insert blade (Yellow) 9mm,Yellow,Unit,Shrink Wrap,LEGO,9mm,14,5,FALSE,14,1.89,2.83,0.5,1.37,Novelty,Gift Items,India,In Stock
662,Packing knife with metal insert blade (Yellow) 18mm,Yellow,Blister Pack,Pack,Sony,18mm,14,5,FALSE,14,2.4,3.59,0.5,1.6,Equipment,Workshop Tools,Vietnam,In Stock
663,Small 9mm replacement blades 9mm,No Color,Shrink Wrap,Shrink Wrap,Mattel,9mm,14,10,FALSE,14,4.1,6.13,0.7,2.68,Packing Materials,Shipping Supplies,Germany,In Stock
664,Large  replacement blades 18mm,No Color,Unit,Pack,LEGO,18mm,14,10,FALSE,14,4.3,6.43,0.8,3.33,Packing Materials,Shipping Supplies,China,In Stock
665,Air cushion film 200mmx100mm 325m,No Color,Shrink Wrap,Unit,Sony,325m,14,1,FALSE,14,87,130.07,5,51.46,Toys,Action Figures,India,In Stock
666,Air cushion film 200mmx200mm 325m,No Color,Shrink Wrap,Shrink Wrap,Mattel,325m,14,1,FALSE,14,90,134.55,6,45.13,Packing Materials,Shipping Supplies,Japan,In Stock
667,Air cushion machine (Blue),Blue,Pack,Pack,Mattel,Standard,20,1,FALSE,20,1899,2839.01,10,1423.4,Novelty,Gift Items,Vietnam,In Stock
668,Void fill 100 L bag (White) 100L,White,Blister Pack,Blister Pack,LEGO,100L,14,10,FALSE,14,12.5,18.69,0.25,9.26,Accessories,Computer Acc,Japan,In Stock
669,Void fill 200 L bag (White) 200L,White,Unit,Shrink Wrap,Sony,200L,14,10,FALSE,14,25,37.38,0.5,17.26,Equipment,Workshop Tools,India,In Stock
670,Void fill 300 L bag (White) 300L,White,Shrink Wrap,Blister Pack,Mattel,300L,14,10,FALSE,14,37.5,56.06,0.75,26.88,Novelty,Gift Items,Germany,In Stock
671,Void fill 400 L bag (White) 400L,White,Unit,Pack,Hasbro,400L,14,10,FALSE,14,50,74.75,1,38.39,Novelty,Gift Items,China,In Stock
